﻿Appeals of App Removals by Country/Region,,Note: Country/Region denotes the origin of the developer of the removed app.
Country/Region,Appeals,
China mainland,5484,
United States,3157,
United Kingdom,817,
India,709,
Hong Kong,465,
Vietnam,416,
Japan,411,
Brazil,376,
Türkiye,368,
South Korea,358,
Germany,347,
Canada,345,
Russia,334,
France,313,
Australia,251,
Italy,235,
Singapore,222,
Spain,206,
Taiwan,168,
Ukraine,155,
Indonesia,148,
Saudi Arabia,148,
Pakistan,146,
Israel,140,
United Arab Emirates,139,
Netherlands,134,
Malaysia,117,
Switzerland,103,
Egypt,97,
Mexico,92,
Poland,88,
Thailand,87,
Sweden,77,
Philippines,71,
South Africa,66,
Nigeria,63,
New Zealand,61,
Romania,54,
Cyprus,52,
Estonia,52,
Colombia,48,
Portugal,45,
Denmark,45,
Belgium,45,
Argentina,43,
Norway,42,
Ireland,41,
Austria,39,
Jordan,37,
Czechia,34,
Greece,31,
Morocco,30,
Chile,27,
Belarus,27,
Kazakhstan,26,
Lithuania,24,
British Virgin Islands,24,
Iraq,24,
Cayman Islands,24,
Hungary,24,
Latvia,23,
Kuwait,23,
Bulgaria,23,
Moldova,21,
Seychelles,21,
Lebanon,18,
Qatar,18,
Cambodia,18,
Peru,17,
Kenya,17,
Georgia,16,
Dominican Republic,15,
Puerto Rico,14,
Bahrain,14,
Bangladesh,13,
Malta,13,
Myanmar,13,
Sri Lanka,13,
Finland,12,
Croatia,12,
Uzbekistan,12,
Slovakia,12,
Ecuador,12,
Costa Rica,11,
Belize,11,
Oman,10,
Slovenia,10,
Gibraltar,10,
Ghana,10,
Panama,10,
Kyrgyzstan,9,
Azerbaijan,9,
Uruguay,9,
Mongolia,9,
Luxembourg,8,
Serbia,8,
Senegal,7,
Tunisia,6,
Liechtenstein,6,
Bolivia,6,
Zimbabwe,6,
Armenia,6,
Algeria,5,
Bosnia and Herzegovina,5,
Bahamas,5,
Nepal,4,
Iceland,4,
Tanzania,4,
Venezuela,4,
Samoa,4,
Saint Vincent and The Grenadines,4,
El Salvador,4,
Cote D'Ivoire,4,
Equatorial Guinea,4,
Andorra,4,
Uganda,4,
Laos,3,
Paraguay,3,
Honduras,3,
Albania,3,
Mauritius,3,
Maldives,3,
Libya,2,
Curaao,2,
North Macedonia,2,
Trinidad and Tobago,2,
Tajikistan,2,
Barbados,2,
Botswana,2,
Guatemala,2,
Mali,2,
Jamaica,2,
Angola,2,
Chad,2,
Palestinian Territories,2,
Isle of Man,2,
Cameroon,2,
American Samoa,2,
Zambia,2,
Democratic Republic of Congo,2,
Gabon,2,
Haiti,1,
Somalia,1,
Mozambique,1,
Brunei,1,
Guyana,1,
Djibouti,1,
Bhutan,1,
Turkmenistan,1,
Macao,1,
San Marino,1,
Ethiopia,1,
Mauritania,1,
Congo,1,
Togo,1,