﻿"Apps Removed from the App Store Due to Guideline or Developer Program License Agreement (DPLA) Violation:
Breakout by Country/Region",,,Note: Country/Region denotes the origin of the developer of the removed app.
Guideline/DPLA Violation,Country/Region,Apps Removed,
Guideline 4.0 - Design,Total,"149,378",
Guideline 4.0 - Design,United States,"30,164",
Guideline 4.0 - Design,China mainland,"26,269",
Guideline 4.0 - Design,India,"8,934",
Guideline 4.0 - Design,United Kingdom,"7,489",
Guideline 4.0 - Design,Japan,"6,903",
Guideline 4.0 - Design,Vietnam,"4,657",
Guideline 4.0 - Design,Brazil,"4,098",
Guideline 4.0 - Design,Germany,"3,509",
Guideline 4.0 - Design,Russia,"3,348",
Guideline 4.0 - Design,Canada,"3,247",
Guideline 4.0 - Design,Italy,"3,168",
Guideline 4.0 - Design,France,"3,058",
Guideline 4.0 - Design,Australia,"2,923",
Guideline 4.0 - Design,Spain,"2,890",
Guideline 4.0 - Design,South Korea,"2,807",
Guideline 4.0 - Design,Thailand,"2,488",
Guideline 4.0 - Design,Hong Kong,"2,401",
Guideline 4.0 - Design,Netherlands,"2,363",
Guideline 4.0 - Design,Türkiye,"2,020",
Guideline 4.0 - Design,Taiwan,"1,803",
Guideline 4.0 - Design,Mexico,"1,525",
Guideline 4.0 - Design,Singapore,"1,160",
Guideline 4.0 - Design,Pakistan,"1,138",
Guideline 4.0 - Design,Israel,"1,048",
Guideline 4.0 - Design,Malaysia,916,
Guideline 4.0 - Design,Poland,877,
Guideline 4.0 - Design,Sweden,819,
Guideline 4.0 - Design,Switzerland,806,
Guideline 4.0 - Design,Ukraine,687,
Guideline 4.0 - Design,Argentina,685,
Guideline 4.0 - Design,Saudi Arabia,683,
Guideline 4.0 - Design,Egypt,646,
Guideline 4.0 - Design,United Arab Emirates,615,
Guideline 4.0 - Design,New Zealand,608,
Guideline 4.0 - Design,Denmark,592,
Guideline 4.0 - Design,Indonesia,541,
Guideline 4.0 - Design,Portugal,507,
Guideline 4.0 - Design,Romania,475,
Guideline 4.0 - Design,South Africa,472,
Guideline 4.0 - Design,Colombia,468,
Guideline 4.0 - Design,Austria,446,
Guideline 4.0 - Design,Belgium,437,
Guideline 4.0 - Design,Czechia,431,
Guideline 4.0 - Design,Ireland,407,
Guideline 4.0 - Design,Norway,404,
Guideline 4.0 - Design,Hungary,329,
Guideline 4.0 - Design,Philippines,317,
Guideline 4.0 - Design,Greece,303,
Guideline 4.0 - Design,Bangladesh,300,
Guideline 4.0 - Design,Lebanon,293,
Guideline 4.0 - Design,Finland,287,
Guideline 4.0 - Design,Chile,273,
Guideline 4.0 - Design,Bulgaria,261,
Guideline 4.0 - Design,Jordan,252,
Guideline 4.0 - Design,Kuwait,227,
Guideline 4.0 - Design,Morocco,226,
Guideline 4.0 - Design,Slovakia,185,
Guideline 4.0 - Design,Croatia,176,
Guideline 4.0 - Design,Belarus,159,
Guideline 4.0 - Design,Cyprus,147,
Guideline 4.0 - Design,Tunisia,144,
Guideline 4.0 - Design,Slovenia,142,
Guideline 4.0 - Design,Serbia,136,
Guideline 4.0 - Design,Kazakhstan,135,
Guideline 4.0 - Design,Qatar,125,
Guideline 4.0 - Design,Costa Rica,125,
Guideline 4.0 - Design,Peru,117,
Guideline 4.0 - Design,Ecuador,112,
Guideline 4.0 - Design,Nepal,111,
Guideline 4.0 - Design,Nigeria,109,
Guideline 4.0 - Design,Uruguay,107,
Guideline 4.0 - Design,Estonia,104,
Guideline 4.0 - Design,Armenia,104,
Guideline 4.0 - Design,Sri Lanka,101,
Guideline 4.0 - Design,Guatemala,99,
Guideline 4.0 - Design,Lithuania,95,
Guideline 4.0 - Design,Cambodia,84,
Guideline 4.0 - Design,Azerbaijan,82,
Guideline 4.0 - Design,Latvia,80,
Guideline 4.0 - Design,Moldova,74,
Guideline 4.0 - Design,Mongolia,72,
Guideline 4.0 - Design,Bahrain,70,
Guideline 4.0 - Design,Malta,67,
Guideline 4.0 - Design,Puerto Rico,64,
Guideline 4.0 - Design,Luxembourg,49,
Guideline 4.0 - Design,Oman,47,
Guideline 4.0 - Design,Venezuela,46,
Guideline 4.0 - Design,Iraq,45,
Guideline 4.0 - Design,British Virgin Islands,44,
Guideline 4.0 - Design,Panama,43,
Guideline 4.0 - Design,Bolivia,43,
Guideline 4.0 - Design,Palestinian Territories,42,
Guideline 4.0 - Design,North Macedonia,42,
Guideline 4.0 - Design,Albania,41,
Guideline 4.0 - Design,Iceland,38,
Guideline 4.0 - Design,Dominican Republic,37,
Guideline 4.0 - Design,Paraguay,35,
Guideline 4.0 - Design,Georgia,35,
Guideline 4.0 - Design,El Salvador,34,
Guideline 4.0 - Design,Kenya,30,
Guideline 4.0 - Design,Kyrgyzstan,29,
Guideline 4.0 - Design,San Marino,27,
Guideline 4.0 - Design,Algeria,27,
Guideline 4.0 - Design,Macao,25,
Guideline 4.0 - Design,Uzbekistan,24,
Guideline 4.0 - Design,Trinidad and Tobago,24,
Guideline 4.0 - Design,Honduras,24,
Guideline 4.0 - Design,Myanmar,23,
Guideline 4.0 - Design,Jamaica,22,
Guideline 4.0 - Design,Seychelles,21,
Guideline 4.0 - Design,Mauritius,17,
Guideline 4.0 - Design,Greenland,15,
Guideline 4.0 - Design,Ghana,15,
Guideline 4.0 - Design,Belize,15,
Guideline 4.0 - Design,Bosnia and Herzegovina,14,
Guideline 4.0 - Design,Jersey,13,
Guideline 4.0 - Design,Yemen,12,
Guideline 4.0 - Design,Namibia,12,
Guideline 4.0 - Design,Maldives,12,
Guideline 4.0 - Design,Reunion,10,
Guideline 4.0 - Design,Bahamas,10,
Guideline 4.0 - Design,Laos,8,
Guideline 4.0 - Design,Brunei,8,
Guideline 4.0 - Design,Zimbabwe,7,
Guideline 4.0 - Design,Uganda,7,
Guideline 4.0 - Design,Monaco,7,
Guideline 4.0 - Design,Gibraltar,7,
Guideline 4.0 - Design,Saint Kitts and Nevis,6,
Guideline 4.0 - Design,Nicaragua,6,
Guideline 4.0 - Design,Cayman Islands,6,
Guideline 4.0 - Design,Aruba,6,
Guideline 4.0 - Design,United States Minor Outlying Islands,5,
Guideline 4.0 - Design,Tajikistan,5,
Guideline 4.0 - Design,Senegal,5,
Guideline 4.0 - Design,Netherlands Antilles,5,
Guideline 4.0 - Design,Martinique,5,
Guideline 4.0 - Design,Guernsey,5,
Guideline 4.0 - Design,Ethiopia,5,
Guideline 4.0 - Design,Suriname,4,
Guideline 4.0 - Design,Somalia,4,
Guideline 4.0 - Design,Libya,4,
Guideline 4.0 - Design,Haiti,4,
Guideline 4.0 - Design,Guadeloupe,4,
Guideline 4.0 - Design,Barbados,4,
Guideline 4.0 - Design,Angola,4,
Guideline 4.0 - Design,Samoa,3,
Guideline 4.0 - Design,Rwanda,3,
Guideline 4.0 - Design,New Caledonia,3,
Guideline 4.0 - Design,Montenegro,3,
Guideline 4.0 - Design,Guam,3,
Guideline 4.0 - Design,Faroe Islands,3,
Guideline 4.0 - Design,Cape Verde,3,
Guideline 4.0 - Design,Bhutan,3,
Guideline 4.0 - Design,Bermuda,3,
Guideline 4.0 - Design,Andorra,3,
Guideline 4.0 - Design,Afghanistan,3,
Guideline 4.0 - Design,United States Virgin Islands,2,
Guideline 4.0 - Design,Turkmenistan,2,
Guideline 4.0 - Design,Togo,2,
Guideline 4.0 - Design,Tanzania,2,
Guideline 4.0 - Design,Saint Vincent and the Grenadines,2,
Guideline 4.0 - Design,Niger,2,
Guideline 4.0 - Design,Mauritania,2,
Guideline 4.0 - Design,Malawi,2,
Guideline 4.0 - Design,Liechtenstein,2,
Guideline 4.0 - Design,Isle of Man,2,
Guideline 4.0 - Design,Guyana,2,
Guideline 4.0 - Design,Fiji,2,
Guideline 4.0 - Design,Cameroon,2,
Guideline 4.0 - Design,Burkina Faso,2,
Guideline 4.0 - Design,Botswana,2,
Guideline 4.0 - Design,Benin,2,
Guideline 4.0 - Design,Anguilla,2,
Guideline 4.0 - Design,Sierra Leone,1,
Guideline 4.0 - Design,Mozambique,1,
Guideline 4.0 - Design,Marshall Islands,1,
Guideline 4.0 - Design,Mali,1,
Guideline 4.0 - Design,Madagascar,1,
Guideline 4.0 - Design,Lesotho,1,
Guideline 4.0 - Design,Gambia,1,
Guideline 4.0 - Design,French Polynesia,1,
Guideline 4.0 - Design,Djibouti,1,
Guideline 4.0 - Design,Cote D'Ivoire,1,
Guideline 4.0 - Design,"Congo, Republic of",1,
Guideline 4.0 - Design,"Congo, Democratic Republic of",1,
DPLA 3.2(f) - Fraud,Total,"32,009",
DPLA 3.2(f) - Fraud,China mainland,"13,182",
DPLA 3.2(f) - Fraud,Vietnam,"3,626",
DPLA 3.2(f) - Fraud,United States,"1,503",
DPLA 3.2(f) - Fraud,India,"1,379",
DPLA 3.2(f) - Fraud,Türkiye,"1,325",
DPLA 3.2(f) - Fraud,United Kingdom,"1,246",
DPLA 3.2(f) - Fraud,Pakistan,"1,123",
DPLA 3.2(f) - Fraud,Russia,897,
DPLA 3.2(f) - Fraud,United Arab Emirates,726,
DPLA 3.2(f) - Fraud,Hong Kong,555,
DPLA 3.2(f) - Fraud,Morocco,443,
DPLA 3.2(f) - Fraud,Ukraine,383,
DPLA 3.2(f) - Fraud,Kenya,370,
DPLA 3.2(f) - Fraud,Canada,350,
DPLA 3.2(f) - Fraud,Malaysia,290,
DPLA 3.2(f) - Fraud,Jordan,269,
DPLA 3.2(f) - Fraud,Peru,265,
DPLA 3.2(f) - Fraud,Taiwan,263,
DPLA 3.2(f) - Fraud,France,244,
DPLA 3.2(f) - Fraud,Thailand,242,
DPLA 3.2(f) - Fraud,Indonesia,220,
DPLA 3.2(f) - Fraud,Spain,212,
DPLA 3.2(f) - Fraud,Israel,184,
DPLA 3.2(f) - Fraud,Singapore,181,
DPLA 3.2(f) - Fraud,Philippines,149,
DPLA 3.2(f) - Fraud,Mexico,139,
DPLA 3.2(f) - Fraud,Germany,134,
DPLA 3.2(f) - Fraud,Bangladesh,133,
DPLA 3.2(f) - Fraud,Netherlands,108,
DPLA 3.2(f) - Fraud,Uruguay,107,
DPLA 3.2(f) - Fraud,Romania,106,
DPLA 3.2(f) - Fraud,Japan,96,
DPLA 3.2(f) - Fraud,Estonia,95,
DPLA 3.2(f) - Fraud,Moldova,91,
DPLA 3.2(f) - Fraud,Italy,73,
DPLA 3.2(f) - Fraud,Finland,67,
DPLA 3.2(f) - Fraud,Brazil,66,
DPLA 3.2(f) - Fraud,Poland,64,
DPLA 3.2(f) - Fraud,Uzbekistan,61,
DPLA 3.2(f) - Fraud,New Zealand,55,
DPLA 3.2(f) - Fraud,Uganda,46,
DPLA 3.2(f) - Fraud,British Virgin Islands,45,
DPLA 3.2(f) - Fraud,Australia,45,
DPLA 3.2(f) - Fraud,Sweden,43,
DPLA 3.2(f) - Fraud,Belarus,43,
DPLA 3.2(f) - Fraud,Egypt,42,
DPLA 3.2(f) - Fraud,Cyprus,42,
DPLA 3.2(f) - Fraud,Lithuania,40,
DPLA 3.2(f) - Fraud,South Africa,34,
DPLA 3.2(f) - Fraud,Kazakhstan,33,
DPLA 3.2(f) - Fraud,South Korea,32,
DPLA 3.2(f) - Fraud,Hungary,32,
DPLA 3.2(f) - Fraud,Greece,32,
DPLA 3.2(f) - Fraud,Latvia,31,
DPLA 3.2(f) - Fraud,Bulgaria,31,
DPLA 3.2(f) - Fraud,Ireland,29,
DPLA 3.2(f) - Fraud,Slovakia,22,
DPLA 3.2(f) - Fraud,Denmark,22,
DPLA 3.2(f) - Fraud,Argentina,21,
DPLA 3.2(f) - Fraud,Nigeria,20,
DPLA 3.2(f) - Fraud,Colombia,18,
DPLA 3.2(f) - Fraud,Saudi Arabia,17,
DPLA 3.2(f) - Fraud,Portugal,17,
DPLA 3.2(f) - Fraud,Lebanon,17,
DPLA 3.2(f) - Fraud,Serbia,15,
DPLA 3.2(f) - Fraud,Norway,14,
DPLA 3.2(f) - Fraud,Chile,13,
DPLA 3.2(f) - Fraud,Belgium,13,
DPLA 3.2(f) - Fraud,Tunisia,12,
DPLA 3.2(f) - Fraud,Ecuador,11,
DPLA 3.2(f) - Fraud,Qatar,10,
DPLA 3.2(f) - Fraud,Malta,9,
DPLA 3.2(f) - Fraud,Macao,9,
DPLA 3.2(f) - Fraud,Cambodia,9,
DPLA 3.2(f) - Fraud,Georgia,8,
DPLA 3.2(f) - Fraud,Seychelles,7,
DPLA 3.2(f) - Fraud,Czechia,7,
DPLA 3.2(f) - Fraud,Luxembourg,6,
DPLA 3.2(f) - Fraud,Laos,6,
DPLA 3.2(f) - Fraud,Tanzania,5,
DPLA 3.2(f) - Fraud,Switzerland,5,
DPLA 3.2(f) - Fraud,Slovenia,5,
DPLA 3.2(f) - Fraud,Kuwait,5,
DPLA 3.2(f) - Fraud,Oman,4,
DPLA 3.2(f) - Fraud,Malawi,4,
DPLA 3.2(f) - Fraud,Guatemala,4,
DPLA 3.2(f) - Fraud,Austria,4,
DPLA 3.2(f) - Fraud,Angola,4,
DPLA 3.2(f) - Fraud,Venezuela,3,
DPLA 3.2(f) - Fraud,Libya,3,
DPLA 3.2(f) - Fraud,Honduras,3,
DPLA 3.2(f) - Fraud,Ghana,3,
DPLA 3.2(f) - Fraud,Croatia,3,
DPLA 3.2(f) - Fraud,Papua New Guinea,2,
DPLA 3.2(f) - Fraud,Myanmar,2,
DPLA 3.2(f) - Fraud,Dominican Republic,2,
DPLA 3.2(f) - Fraud,Costa Rica,2,
DPLA 3.2(f) - Fraud,Armenia,2,
DPLA 3.2(f) - Fraud,Albania,2,
DPLA 3.2(f) - Fraud,Zambia,1,
DPLA 3.2(f) - Fraud,Rwanda,1,
DPLA 3.2(f) - Fraud,Panama,1,
DPLA 3.2(f) - Fraud,Nicaragua,1,
DPLA 3.2(f) - Fraud,Madagascar,1,
DPLA 3.2(f) - Fraud,Kyrgyzstan,1,
DPLA 3.2(f) - Fraud,Jersey,1,
DPLA 3.2(f) - Fraud,Jamaica,1,
DPLA 3.2(f) - Fraud,Iceland,1,
DPLA 3.2(f) - Fraud,Guinea-Bissau,1,
DPLA 3.2(f) - Fraud,Botswana,1,
DPLA 3.2(f) - Fraud,Bolivia,1,
DPLA 3.2(f) - Fraud,Belize,1,
DPLA 3.2(f) - Fraud,Bahrain,1,
DPLA 3.2(f) - Fraud,Bahamas,1,
DPLA 3.2(f) - Fraud,Andorra,1,
DPLA 3.2(f) - Fraud,Algeria,1,
Guideline 5.6.0 - Developer Code of Conduct,Total,"1,272",
Guideline 5.6.0 - Developer Code of Conduct,China mainland,587,
Guideline 5.6.0 - Developer Code of Conduct,Ukraine,122,
Guideline 5.6.0 - Developer Code of Conduct,United Kingdom,63,
Guideline 5.6.0 - Developer Code of Conduct,United States,56,
Guideline 5.6.0 - Developer Code of Conduct,Russia,52,
Guideline 5.6.0 - Developer Code of Conduct,Vietnam,48,
Guideline 5.6.0 - Developer Code of Conduct,Moldova,44,
Guideline 5.6.0 - Developer Code of Conduct,Türkiye,43,
Guideline 5.6.0 - Developer Code of Conduct,Hong Kong,31,
Guideline 5.6.0 - Developer Code of Conduct,France,23,
Guideline 5.6.0 - Developer Code of Conduct,Cyprus,21,
Guideline 5.6.0 - Developer Code of Conduct,Belarus,16,
Guideline 5.6.0 - Developer Code of Conduct,India,14,
Guideline 5.6.0 - Developer Code of Conduct,Estonia,13,
Guideline 5.6.0 - Developer Code of Conduct,Israel,11,
Guideline 5.6.0 - Developer Code of Conduct,Spain,8,
Guideline 5.6.0 - Developer Code of Conduct,Singapore,8,
Guideline 5.6.0 - Developer Code of Conduct,Seychelles,8,
Guideline 5.6.0 - Developer Code of Conduct,Germany,8,
Guideline 5.6.0 - Developer Code of Conduct,Canada,8,
Guideline 5.6.0 - Developer Code of Conduct,Romania,6,
Guideline 5.6.0 - Developer Code of Conduct,Lithuania,6,
Guideline 5.6.0 - Developer Code of Conduct,Bulgaria,6,
Guideline 5.6.0 - Developer Code of Conduct,Thailand,5,
Guideline 5.6.0 - Developer Code of Conduct,Brazil,4,
Guideline 5.6.0 - Developer Code of Conduct,United Arab Emirates,3,
Guideline 5.6.0 - Developer Code of Conduct,Sweden,3,
Guideline 5.6.0 - Developer Code of Conduct,Philippines,3,
Guideline 5.6.0 - Developer Code of Conduct,Greece,3,
Guideline 5.6.0 - Developer Code of Conduct,Armenia,3,
Guideline 5.6.0 - Developer Code of Conduct,Taiwan,2,
Guideline 5.6.0 - Developer Code of Conduct,Switzerland,2,
Guideline 5.6.0 - Developer Code of Conduct,Portugal,2,
Guideline 5.6.0 - Developer Code of Conduct,Poland,2,
Guideline 5.6.0 - Developer Code of Conduct,Panama,2,
Guideline 5.6.0 - Developer Code of Conduct,Pakistan,2,
Guideline 5.6.0 - Developer Code of Conduct,Norway,2,
Guideline 5.6.0 - Developer Code of Conduct,Malaysia,2,
Guideline 5.6.0 - Developer Code of Conduct,Latvia,2,
Guideline 5.6.0 - Developer Code of Conduct,Finland,2,
Guideline 5.6.0 - Developer Code of Conduct,Denmark,2,
Guideline 5.6.0 - Developer Code of Conduct,British Virgin Islands,2,
Guideline 5.6.0 - Developer Code of Conduct,Belize,2,
Guideline 5.6.0 - Developer Code of Conduct,Australia,2,
Guideline 5.6.0 - Developer Code of Conduct,Uzbekistan,1,
Guideline 5.6.0 - Developer Code of Conduct,Sri Lanka,1,
Guideline 5.6.0 - Developer Code of Conduct,Slovenia,1,
Guideline 5.6.0 - Developer Code of Conduct,Netherlands,1,
Guideline 5.6.0 - Developer Code of Conduct,Mauritius,1,
Guideline 5.6.0 - Developer Code of Conduct,Malta,1,
Guideline 5.6.0 - Developer Code of Conduct,Liechtenstein,1,
Guideline 5.6.0 - Developer Code of Conduct,Kyrgyzstan,1,
Guideline 5.6.0 - Developer Code of Conduct,Kazakhstan,1,
Guideline 5.6.0 - Developer Code of Conduct,Japan,1,
Guideline 5.6.0 - Developer Code of Conduct,Italy,1,
Guideline 5.6.0 - Developer Code of Conduct,Ireland,1,
Guideline 5.6.0 - Developer Code of Conduct,Hungary,1,
Guideline 5.6.0 - Developer Code of Conduct,Gibraltar,1,
Guideline 5.6.0 - Developer Code of Conduct,Georgia,1,
Guideline 5.6.0 - Developer Code of Conduct,Egypt,1,
Guideline 5.6.0 - Developer Code of Conduct,Czechia,1,
Guideline 5.6.0 - Developer Code of Conduct,Andorra,1,
DPLA 6.3 - Intellectual Property Infringement,Total,920,
DPLA 6.3 - Intellectual Property Infringement,China mainland,411,
DPLA 6.3 - Intellectual Property Infringement,United States,61,
DPLA 6.3 - Intellectual Property Infringement,India,55,
DPLA 6.3 - Intellectual Property Infringement,Vietnam,42,
DPLA 6.3 - Intellectual Property Infringement,United Kingdom,34,
DPLA 6.3 - Intellectual Property Infringement,Morocco,34,
DPLA 6.3 - Intellectual Property Infringement,Russia,26,
DPLA 6.3 - Intellectual Property Infringement,Türkiye,19,
DPLA 6.3 - Intellectual Property Infringement,Hong Kong,18,
DPLA 6.3 - Intellectual Property Infringement,Pakistan,14,
DPLA 6.3 - Intellectual Property Infringement,United Arab Emirates,12,
DPLA 6.3 - Intellectual Property Infringement,Ukraine,12,
DPLA 6.3 - Intellectual Property Infringement,Brazil,12,
DPLA 6.3 - Intellectual Property Infringement,Japan,10,
DPLA 6.3 - Intellectual Property Infringement,Egypt,10,
DPLA 6.3 - Intellectual Property Infringement,Canada,10,
DPLA 6.3 - Intellectual Property Infringement,Australia,9,
DPLA 6.3 - Intellectual Property Infringement,Germany,8,
DPLA 6.3 - Intellectual Property Infringement,Bangladesh,8,
DPLA 6.3 - Intellectual Property Infringement,South Korea,6,
DPLA 6.3 - Intellectual Property Infringement,Italy,6,
DPLA 6.3 - Intellectual Property Infringement,Ireland,6,
DPLA 6.3 - Intellectual Property Infringement,Spain,5,
DPLA 6.3 - Intellectual Property Infringement,Mexico,5,
DPLA 6.3 - Intellectual Property Infringement,Thailand,4,
DPLA 6.3 - Intellectual Property Infringement,Taiwan,4,
DPLA 6.3 - Intellectual Property Infringement,Sweden,4,
DPLA 6.3 - Intellectual Property Infringement,Romania,4,
DPLA 6.3 - Intellectual Property Infringement,Iraq,4,
DPLA 6.3 - Intellectual Property Infringement,Indonesia,4,
DPLA 6.3 - Intellectual Property Infringement,Singapore,3,
DPLA 6.3 - Intellectual Property Infringement,Saudi Arabia,3,
DPLA 6.3 - Intellectual Property Infringement,Netherlands,3,
DPLA 6.3 - Intellectual Property Infringement,Malaysia,3,
DPLA 6.3 - Intellectual Property Infringement,Israel,3,
DPLA 6.3 - Intellectual Property Infringement,France,3,
DPLA 6.3 - Intellectual Property Infringement,Denmark,3,
DPLA 6.3 - Intellectual Property Infringement,Cyprus,3,
DPLA 6.3 - Intellectual Property Infringement,Cambodia,3,
DPLA 6.3 - Intellectual Property Infringement,Venezuela,2,
DPLA 6.3 - Intellectual Property Infringement,Switzerland,2,
DPLA 6.3 - Intellectual Property Infringement,Latvia,2,
DPLA 6.3 - Intellectual Property Infringement,Kuwait,2,
DPLA 6.3 - Intellectual Property Infringement,Croatia,2,
DPLA 6.3 - Intellectual Property Infringement,Chile,2,
DPLA 6.3 - Intellectual Property Infringement,Bulgaria,2,
DPLA 6.3 - Intellectual Property Infringement,Uruguay,1,
DPLA 6.3 - Intellectual Property Infringement,Turkmenistan,1,
DPLA 6.3 - Intellectual Property Infringement,Sri Lanka,1,
DPLA 6.3 - Intellectual Property Infringement,Serbia,1,
DPLA 6.3 - Intellectual Property Infringement,Puerto Rico,1,
DPLA 6.3 - Intellectual Property Infringement,Philippines,1,
DPLA 6.3 - Intellectual Property Infringement,Peru,1,
DPLA 6.3 - Intellectual Property Infringement,New Zealand,1,
DPLA 6.3 - Intellectual Property Infringement,Mongolia,1,
DPLA 6.3 - Intellectual Property Infringement,Macao,1,
DPLA 6.3 - Intellectual Property Infringement,Kyrgyzstan,1,
DPLA 6.3 - Intellectual Property Infringement,Kenya,1,
DPLA 6.3 - Intellectual Property Infringement,Kazakhstan,1,
DPLA 6.3 - Intellectual Property Infringement,Estonia,1,
DPLA 6.3 - Intellectual Property Infringement,Ecuador,1,
DPLA 6.3 - Intellectual Property Infringement,Czechia,1,
DPLA 6.3 - Intellectual Property Infringement,Costa Rica,1,
DPLA 6.3 - Intellectual Property Infringement,Cameroon,1,
DPLA 6.3 - Intellectual Property Infringement,British Virgin Islands,1,
DPLA 6.3 - Intellectual Property Infringement,Belgium,1,
DPLA 6.3 - Intellectual Property Infringement,Algeria,1,
DPLA 6.3 - Intellectual Property Infringement,Albania,1,
Guideline 4.3.0 - Spam,Total,685,
Guideline 4.3.0 - Spam,United States,236,
Guideline 4.3.0 - Spam,China mainland,162,
Guideline 4.3.0 - Spam,Russia,40,
Guideline 4.3.0 - Spam,United Kingdom,30,
Guideline 4.3.0 - Spam,India,26,
Guideline 4.3.0 - Spam,Vietnam,24,
Guideline 4.3.0 - Spam,Japan,22,
Guideline 4.3.0 - Spam,South Korea,20,
Guideline 4.3.0 - Spam,Ukraine,19,
Guideline 4.3.0 - Spam,Brazil,14,
Guideline 4.3.0 - Spam,Türkiye,11,
Guideline 4.3.0 - Spam,Indonesia,11,
Guideline 4.3.0 - Spam,Seychelles,10,
Guideline 4.3.0 - Spam,Pakistan,6,
Guideline 4.3.0 - Spam,Morocco,5,
Guideline 4.3.0 - Spam,Hong Kong,5,
Guideline 4.3.0 - Spam,Germany,4,
Guideline 4.3.0 - Spam,Philippines,3,
Guideline 4.3.0 - Spam,France,3,
Guideline 4.3.0 - Spam,United Arab Emirates,2,
Guideline 4.3.0 - Spam,Spain,2,
Guideline 4.3.0 - Spam,Saudi Arabia,2,
Guideline 4.3.0 - Spam,Poland,2,
Guideline 4.3.0 - Spam,Moldova,2,
Guideline 4.3.0 - Spam,Mexico,2,
Guideline 4.3.0 - Spam,Kazakhstan,2,
Guideline 4.3.0 - Spam,Estonia,2,
Guideline 4.3.0 - Spam,Cyprus,2,
Guideline 4.3.0 - Spam,Taiwan,1,
Guideline 4.3.0 - Spam,Sweden,1,
Guideline 4.3.0 - Spam,Singapore,1,
Guideline 4.3.0 - Spam,Romania,1,
Guideline 4.3.0 - Spam,Portugal,1,
Guideline 4.3.0 - Spam,Malaysia,1,
Guideline 4.3.0 - Spam,Latvia,1,
Guideline 4.3.0 - Spam,Jordan,1,
Guideline 4.3.0 - Spam,Italy,1,
Guideline 4.3.0 - Spam,Denmark,1,
Guideline 4.3.0 - Spam,Cayman Islands,1,
Guideline 4.3.0 - Spam,Canada,1,
Guideline 4.3.0 - Spam,British Virgin Islands,1,
Guideline 4.3.0 - Spam,Austria,1,
Guideline 4.3.0 - Spam,Armenia,1,
Guideline 4.3.0 - Spam,Andorra,1,
DPLA 14.8 - Export Control,Total,332,
DPLA 14.8 - Export Control,Russia,219,
DPLA 14.8 - Export Control,Ukraine,77,
DPLA 14.8 - Export Control,Kazakhstan,11,
DPLA 14.8 - Export Control,Belarus,10,
DPLA 14.8 - Export Control,Czechia,4,
DPLA 14.8 - Export Control,Azerbaijan,3,
DPLA 14.8 - Export Control,United Arab Emirates,2,
DPLA 14.8 - Export Control,Georgia,2,
DPLA 14.8 - Export Control,Hungary,1,
DPLA 14.8 - Export Control,Germany,1,
DPLA 14.8 - Export Control,Estonia,1,
DPLA 14.8 - Export Control,Armenia,1,
Guideline 4.1.0 - Copycats,Total,211,
Guideline 4.1.0 - Copycats,China mainland,59,
Guideline 4.1.0 - Copycats,Morocco,24,
Guideline 4.1.0 - Copycats,Vietnam,20,
Guideline 4.1.0 - Copycats,United States,17,
Guideline 4.1.0 - Copycats,United Kingdom,12,
Guideline 4.1.0 - Copycats,Pakistan,10,
Guideline 4.1.0 - Copycats,Russia,8,
Guideline 4.1.0 - Copycats,India,7,
Guideline 4.1.0 - Copycats,Thailand,6,
Guideline 4.1.0 - Copycats,Ukraine,4,
Guideline 4.1.0 - Copycats,Canada,4,
Guideline 4.1.0 - Copycats,Poland,3,
Guideline 4.1.0 - Copycats,Lithuania,3,
Guideline 4.1.0 - Copycats,United Arab Emirates,2,
Guideline 4.1.0 - Copycats,Türkiye,2,
Guideline 4.1.0 - Copycats,Spain,2,
Guideline 4.1.0 - Copycats,Moldova,2,
Guideline 4.1.0 - Copycats,Kazakhstan,2,
Guideline 4.1.0 - Copycats,Japan,2,
Guideline 4.1.0 - Copycats,Germany,2,
Guideline 4.1.0 - Copycats,France,2,
Guideline 4.1.0 - Copycats,Denmark,2,
Guideline 4.1.0 - Copycats,Belarus,2,
Guideline 4.1.0 - Copycats,Tunisia,1,
Guideline 4.1.0 - Copycats,Taiwan,1,
Guideline 4.1.0 - Copycats,Sweden,1,
Guideline 4.1.0 - Copycats,Singapore,1,
Guideline 4.1.0 - Copycats,Romania,1,
Guideline 4.1.0 - Copycats,Philippines,1,
Guideline 4.1.0 - Copycats,Nigeria,1,
Guideline 4.1.0 - Copycats,Malaysia,1,
Guideline 4.1.0 - Copycats,Ireland,1,
Guideline 4.1.0 - Copycats,Hungary,1,
Guideline 4.1.0 - Copycats,Hong Kong,1,
Guideline 4.1.0 - Copycats,Honduras,1,
Guideline 4.1.0 - Copycats,Finland,1,
Guideline 4.1.0 - Copycats,Bulgaria,1,
Guideline 5.0.0 - Legal,Total,196,
Guideline 5.0.0 - Legal,China mainland,128,
Guideline 5.0.0 - Legal,Russia,16,
Guideline 5.0.0 - Legal,Canada,7,
Guideline 5.0.0 - Legal,United States,5,
Guideline 5.0.0 - Legal,United Arab Emirates,4,
Guideline 5.0.0 - Legal,Türkiye,4,
Guideline 5.0.0 - Legal,Italy,4,
Guideline 5.0.0 - Legal,Vietnam,3,
Guideline 5.0.0 - Legal,United Kingdom,3,
Guideline 5.0.0 - Legal,Germany,3,
Guideline 5.0.0 - Legal,Sweden,2,
Guideline 5.0.0 - Legal,Malaysia,2,
Guideline 5.0.0 - Legal,Hong Kong,2,
Guideline 5.0.0 - Legal,Ukraine,1,
Guideline 5.0.0 - Legal,South Korea,1,
Guideline 5.0.0 - Legal,Saudi Arabia,1,
Guideline 5.0.0 - Legal,Pakistan,1,
Guideline 5.0.0 - Legal,Nigeria,1,
Guideline 5.0.0 - Legal,New Zealand,1,
Guideline 5.0.0 - Legal,Kuwait,1,
Guideline 5.0.0 - Legal,India,1,
Guideline 5.0.0 - Legal,Iceland,1,
Guideline 5.0.0 - Legal,Hungary,1,
Guideline 5.0.0 - Legal,France,1,
Guideline 5.0.0 - Legal,British Virgin Islands,1,
Guideline 5.0.0 - Legal,Brazil,1,
DPLA 11.1 — Apple Developer Program Membership Expired,Total,185,
DPLA 11.1 — Apple Developer Program Membership Expired,China mainland,98,
DPLA 11.1 — Apple Developer Program Membership Expired,United States,26,
DPLA 11.1 — Apple Developer Program Membership Expired,United Kingdom,6,
DPLA 11.1 — Apple Developer Program Membership Expired,India,6,
DPLA 11.1 — Apple Developer Program Membership Expired,Russia,5,
DPLA 11.1 — Apple Developer Program Membership Expired,Hong Kong,5,
DPLA 11.1 — Apple Developer Program Membership Expired,Italy,4,
DPLA 11.1 — Apple Developer Program Membership Expired,Canada,4,
DPLA 11.1 — Apple Developer Program Membership Expired,Netherlands,3,
DPLA 11.1 — Apple Developer Program Membership Expired,France,3,
DPLA 11.1 — Apple Developer Program Membership Expired,Taiwan,2,
DPLA 11.1 — Apple Developer Program Membership Expired,Spain,2,
DPLA 11.1 — Apple Developer Program Membership Expired,Singapore,2,
DPLA 11.1 — Apple Developer Program Membership Expired,Germany,2,
DPLA 11.1 — Apple Developer Program Membership Expired,Brazil,2,
DPLA 11.1 — Apple Developer Program Membership Expired,Vietnam,1,
DPLA 11.1 — Apple Developer Program Membership Expired,United Arab Emirates,1,
DPLA 11.1 — Apple Developer Program Membership Expired,Thailand,1,
DPLA 11.1 — Apple Developer Program Membership Expired,Switzerland,1,
DPLA 11.1 — Apple Developer Program Membership Expired,Sweden,1,
DPLA 11.1 — Apple Developer Program Membership Expired,South Korea,1,
DPLA 11.1 — Apple Developer Program Membership Expired,South Africa,1,
DPLA 11.1 — Apple Developer Program Membership Expired,Nigeria,1,
DPLA 11.1 — Apple Developer Program Membership Expired,Mexico,1,
DPLA 11.1 — Apple Developer Program Membership Expired,Malaysia,1,
DPLA 11.1 — Apple Developer Program Membership Expired,Luxembourg,1,
DPLA 11.1 — Apple Developer Program Membership Expired,Japan,1,
DPLA 11.1 — Apple Developer Program Membership Expired,Jamaica,1,
DPLA 11.1 — Apple Developer Program Membership Expired,Czechia,1,
DPLA 11.1 — Apple Developer Program Membership Expired,Australia,1,
Guideline 2.1.0 - App Completeness,Total,92,
Guideline 2.1.0 - App Completeness,China mainland,41,
Guideline 2.1.0 - App Completeness,United States,7,
Guideline 2.1.0 - App Completeness,Israel,4,
Guideline 2.1.0 - App Completeness,Hong Kong,4,
Guideline 2.1.0 - App Completeness,Vietnam,3,
Guideline 2.1.0 - App Completeness,Ukraine,3,
Guideline 2.1.0 - App Completeness,Türkiye,2,
Guideline 2.1.0 - App Completeness,South Korea,2,
Guideline 2.1.0 - App Completeness,Russia,2,
Guideline 2.1.0 - App Completeness,Pakistan,2,
Guideline 2.1.0 - App Completeness,India,2,
Guideline 2.1.0 - App Completeness,Germany,2,
Guideline 2.1.0 - App Completeness,Brazil,2,
Guideline 2.1.0 - App Completeness,United Kingdom,1,
Guideline 2.1.0 - App Completeness,Taiwan,1,
Guideline 2.1.0 - App Completeness,Serbia,1,
Guideline 2.1.0 - App Completeness,Saudi Arabia,1,
Guideline 2.1.0 - App Completeness,Poland,1,
Guideline 2.1.0 - App Completeness,Netherlands,1,
Guideline 2.1.0 - App Completeness,Monaco,1,
Guideline 2.1.0 - App Completeness,Moldova,1,
Guideline 2.1.0 - App Completeness,Mexico,1,
Guideline 2.1.0 - App Completeness,Italy,1,
Guideline 2.1.0 - App Completeness,Ireland,1,
Guideline 2.1.0 - App Completeness,France,1,
Guideline 2.1.0 - App Completeness,Czechia,1,
Guideline 2.1.0 - App Completeness,Canada,1,
Guideline 2.1.0 - App Completeness,Belgium,1,
Guideline 2.1.0 - App Completeness,Belarus,1,
Guideline 1.1.6 - False information and Features,Total,75,
Guideline 1.1.6 - False information and Features,China mainland,33,
Guideline 1.1.6 - False information and Features,Vietnam,7,
Guideline 1.1.6 - False information and Features,Russia,7,
Guideline 1.1.6 - False information and Features,United States,3,
Guideline 1.1.6 - False information and Features,United Kingdom,3,
Guideline 1.1.6 - False information and Features,Türkiye,3,
Guideline 1.1.6 - False information and Features,India,3,
Guideline 1.1.6 - False information and Features,Spain,2,
Guideline 1.1.6 - False information and Features,Morocco,2,
Guideline 1.1.6 - False information and Features,Cyprus,2,
Guideline 1.1.6 - False information and Features,Brazil,2,
Guideline 1.1.6 - False information and Features,Pakistan,1,
Guideline 1.1.6 - False information and Features,Japan,1,
Guideline 1.1.6 - False information and Features,Israel,1,
Guideline 1.1.6 - False information and Features,Indonesia,1,
Guideline 1.1.6 - False information and Features,Georgia,1,
Guideline 1.1.6 - False information and Features,France,1,
Guideline 1.1.6 - False information and Features,Bosnia and Herzegovina,1,
Guideline 1.1.6 - False information and Features,Bangladesh,1,
Guideline 5.1.2 - Data Use & Sharing,Total,70,
Guideline 5.1.2 - Data Use & Sharing,China mainland,26,
Guideline 5.1.2 - Data Use & Sharing,Philippines,7,
Guideline 5.1.2 - Data Use & Sharing,Mexico,5,
Guideline 5.1.2 - Data Use & Sharing,Indonesia,5,
Guideline 5.1.2 - Data Use & Sharing,India,5,
Guideline 5.1.2 - Data Use & Sharing,United States,4,
Guideline 5.1.2 - Data Use & Sharing,Spain,3,
Guideline 5.1.2 - Data Use & Sharing,Russia,3,
Guideline 5.1.2 - Data Use & Sharing,France,3,
Guideline 5.1.2 - Data Use & Sharing,Türkiye,2,
Guideline 5.1.2 - Data Use & Sharing,Vietnam,1,
Guideline 5.1.2 - Data Use & Sharing,Thailand,1,
Guideline 5.1.2 - Data Use & Sharing,Singapore,1,
Guideline 5.1.2 - Data Use & Sharing,Saudi Arabia,1,
Guideline 5.1.2 - Data Use & Sharing,Nigeria,1,
Guideline 5.1.2 - Data Use & Sharing,Cyprus,1,
Guideline 5.1.2 - Data Use & Sharing,Australia,1,
Guideline 2.3.1 - Hidden or Undocumented Features,Total,69,
Guideline 2.3.1 - Hidden or Undocumented Features,China mainland,25,
Guideline 2.3.1 - Hidden or Undocumented Features,United Kingdom,7,
Guideline 2.3.1 - Hidden or Undocumented Features,Moldova,5,
Guideline 2.3.1 - Hidden or Undocumented Features,Ukraine,4,
Guideline 2.3.1 - Hidden or Undocumented Features,Türkiye,4,
Guideline 2.3.1 - Hidden or Undocumented Features,Hong Kong,4,
Guideline 2.3.1 - Hidden or Undocumented Features,Germany,3,
Guideline 2.3.1 - Hidden or Undocumented Features,United States,2,
Guideline 2.3.1 - Hidden or Undocumented Features,Saudi Arabia,2,
Guideline 2.3.1 - Hidden or Undocumented Features,Russia,2,
Guideline 2.3.1 - Hidden or Undocumented Features,Israel,2,
Guideline 2.3.1 - Hidden or Undocumented Features,France,2,
Guideline 2.3.1 - Hidden or Undocumented Features,Vietnam,1,
Guideline 2.3.1 - Hidden or Undocumented Features,Thailand,1,
Guideline 2.3.1 - Hidden or Undocumented Features,Netherlands,1,
Guideline 2.3.1 - Hidden or Undocumented Features,Ireland,1,
Guideline 2.3.1 - Hidden or Undocumented Features,India,1,
Guideline 2.3.1 - Hidden or Undocumented Features,Dominican Republic,1,
Guideline 2.3.1 - Hidden or Undocumented Features,Cyprus,1,
Guideline 3.1.2 - Subscriptions,Total,62,
Guideline 3.1.2 - Subscriptions,China mainland,34,
Guideline 3.1.2 - Subscriptions,Vietnam,3,
Guideline 3.1.2 - Subscriptions,United States,3,
Guideline 3.1.2 - Subscriptions,Russia,2,
Guideline 3.1.2 - Subscriptions,Romania,2,
Guideline 3.1.2 - Subscriptions,Hong Kong,2,
Guideline 3.1.2 - Subscriptions,Canada,2,
Guideline 3.1.2 - Subscriptions,Bulgaria,2,
Guideline 3.1.2 - Subscriptions,United Kingdom,1,
Guideline 3.1.2 - Subscriptions,Ukraine,1,
Guideline 3.1.2 - Subscriptions,Türkiye,1,
Guideline 3.1.2 - Subscriptions,Spain,1,
Guideline 3.1.2 - Subscriptions,Singapore,1,
Guideline 3.1.2 - Subscriptions,Moldova,1,
Guideline 3.1.2 - Subscriptions,Mauritius,1,
Guideline 3.1.2 - Subscriptions,Malaysia,1,
Guideline 3.1.2 - Subscriptions,Lebanon,1,
Guideline 3.1.2 - Subscriptions,India,1,
Guideline 3.1.2 - Subscriptions,Germany,1,
Guideline 3.1.2 - Subscriptions,British Virgin Islands,1,
Guideline 5.1.1 - Data Collection & Storage,Total,60,
Guideline 5.1.1 - Data Collection & Storage,China mainland,13,
Guideline 5.1.1 - Data Collection & Storage,United States,7,
Guideline 5.1.1 - Data Collection & Storage,Indonesia,7,
Guideline 5.1.1 - Data Collection & Storage,India,5,
Guideline 5.1.1 - Data Collection & Storage,Mexico,4,
Guideline 5.1.1 - Data Collection & Storage,Thailand,2,
Guideline 5.1.1 - Data Collection & Storage,Saudi Arabia,2,
Guideline 5.1.1 - Data Collection & Storage,Malaysia,2,
Guideline 5.1.1 - Data Collection & Storage,Egypt,2,
Guideline 5.1.1 - Data Collection & Storage,Bulgaria,2,
Guideline 5.1.1 - Data Collection & Storage,Venezuela,1,
Guideline 5.1.1 - Data Collection & Storage,Türkiye,1,
Guideline 5.1.1 - Data Collection & Storage,Russia,1,
Guideline 5.1.1 - Data Collection & Storage,Philippines,1,
Guideline 5.1.1 - Data Collection & Storage,Oman,1,
Guideline 5.1.1 - Data Collection & Storage,Nepal,1,
Guideline 5.1.1 - Data Collection & Storage,Lithuania,1,
Guideline 5.1.1 - Data Collection & Storage,Lebanon,1,
Guideline 5.1.1 - Data Collection & Storage,Japan,1,
Guideline 5.1.1 - Data Collection & Storage,Israel,1,
Guideline 5.1.1 - Data Collection & Storage,Ireland,1,
Guideline 5.1.1 - Data Collection & Storage,Hong Kong,1,
Guideline 5.1.1 - Data Collection & Storage,Germany,1,
Guideline 5.1.1 - Data Collection & Storage,France,1,
Guideline 3.1.1 - In-App Purchase,Total,49,
Guideline 3.1.1 - In-App Purchase,China mainland,28,
Guideline 3.1.1 - In-App Purchase,United States,6,
Guideline 3.1.1 - In-App Purchase,Russia,2,
Guideline 3.1.1 - In-App Purchase,India,2,
Guideline 3.1.1 - In-App Purchase,Vietnam,1,
Guideline 3.1.1 - In-App Purchase,United Kingdom,1,
Guideline 3.1.1 - In-App Purchase,Sweden,1,
Guideline 3.1.1 - In-App Purchase,Singapore,1,
Guideline 3.1.1 - In-App Purchase,Romania,1,
Guideline 3.1.1 - In-App Purchase,Kuwait,1,
Guideline 3.1.1 - In-App Purchase,Hong Kong,1,
Guideline 3.1.1 - In-App Purchase,Germany,1,
Guideline 3.1.1 - In-App Purchase,Egypt,1,
Guideline 3.1.1 - In-App Purchase,Austria,1,
Guideline 3.1.1 - In-App Purchase,Australia,1,
Guideline 4.2.0 - Minimum Functionality,Total,43,
Guideline 4.2.0 - Minimum Functionality,China mainland,14,
Guideline 4.2.0 - Minimum Functionality,United Kingdom,3,
Guideline 4.2.0 - Minimum Functionality,United States,2,
Guideline 4.2.0 - Minimum Functionality,Thailand,2,
Guideline 4.2.0 - Minimum Functionality,Taiwan,2,
Guideline 4.2.0 - Minimum Functionality,Netherlands,2,
Guideline 4.2.0 - Minimum Functionality,India,2,
Guideline 4.2.0 - Minimum Functionality,Cyprus,2,
Guideline 4.2.0 - Minimum Functionality,Türkiye,1,
Guideline 4.2.0 - Minimum Functionality,Switzerland,1,
Guideline 4.2.0 - Minimum Functionality,Saudi Arabia,1,
Guideline 4.2.0 - Minimum Functionality,Russia,1,
Guideline 4.2.0 - Minimum Functionality,Morocco,1,
Guideline 4.2.0 - Minimum Functionality,Latvia,1,
Guideline 4.2.0 - Minimum Functionality,Italy,1,
Guideline 4.2.0 - Minimum Functionality,Israel,1,
Guideline 4.2.0 - Minimum Functionality,Germany,1,
Guideline 4.2.0 - Minimum Functionality,France,1,
Guideline 4.2.0 - Minimum Functionality,Denmark,1,
Guideline 4.2.0 - Minimum Functionality,Czechia,1,
Guideline 4.2.0 - Minimum Functionality,Croatia,1,
Guideline 4.2.0 - Minimum Functionality,Albania,1,
Guideline 4.2.2 - Marketing Materials and Content Aggregators,Total,38,
Guideline 4.2.2 - Marketing Materials and Content Aggregators,India,18,
Guideline 4.2.2 - Marketing Materials and Content Aggregators,Türkiye,5,
Guideline 4.2.2 - Marketing Materials and Content Aggregators,Israel,4,
Guideline 4.2.2 - Marketing Materials and Content Aggregators,China mainland,4,
Guideline 4.2.2 - Marketing Materials and Content Aggregators,United Kingdom,2,
Guideline 4.2.2 - Marketing Materials and Content Aggregators,Pakistan,2,
Guideline 4.2.2 - Marketing Materials and Content Aggregators,Indonesia,1,
Guideline 4.2.2 - Marketing Materials and Content Aggregators,Egypt,1,
Guideline 4.2.2 - Marketing Materials and Content Aggregators,Canada,1,
Guideline 2.3.7 - App Name and Keywords,Total,37,
Guideline 2.3.7 - App Name and Keywords,China mainland,21,
Guideline 2.3.7 - App Name and Keywords,Vietnam,2,
Guideline 2.3.7 - App Name and Keywords,United States,2,
Guideline 2.3.7 - App Name and Keywords,United Kingdom,2,
Guideline 2.3.7 - App Name and Keywords,Ukraine,2,
Guideline 2.3.7 - App Name and Keywords,South Korea,1,
Guideline 2.3.7 - App Name and Keywords,Pakistan,1,
Guideline 2.3.7 - App Name and Keywords,Morocco,1,
Guideline 2.3.7 - App Name and Keywords,Malta,1,
Guideline 2.3.7 - App Name and Keywords,India,1,
Guideline 2.3.7 - App Name and Keywords,Czechia,1,
Guideline 2.3.7 - App Name and Keywords,Cyprus,1,
Guideline 2.3.7 - App Name and Keywords,Austria,1,
Guideline 2.3.6 - App Rating,Total,36,
Guideline 2.3.6 - App Rating,Pakistan,9,
Guideline 2.3.6 - App Rating,China mainland,5,
Guideline 2.3.6 - App Rating,United States,2,
Guideline 2.3.6 - App Rating,Ukraine,2,
Guideline 2.3.6 - App Rating,Türkiye,2,
Guideline 2.3.6 - App Rating,Singapore,2,
Guideline 2.3.6 - App Rating,Hong Kong,2,
Guideline 2.3.6 - App Rating,Bosnia and Herzegovina,2,
Guideline 2.3.6 - App Rating,Vietnam,1,
Guideline 2.3.6 - App Rating,United Kingdom,1,
Guideline 2.3.6 - App Rating,Thailand,1,
Guideline 2.3.6 - App Rating,Taiwan,1,
Guideline 2.3.6 - App Rating,Russia,1,
Guideline 2.3.6 - App Rating,Panama,1,
Guideline 2.3.6 - App Rating,Morocco,1,
Guideline 2.3.6 - App Rating,India,1,
Guideline 2.3.6 - App Rating,Bulgaria,1,
Guideline 2.3.6 - App Rating,Brazil,1,
Guideline 3.2.2 - Unacceptable,Total,35,
Guideline 3.2.2 - Unacceptable,China mainland,10,
Guideline 3.2.2 - Unacceptable,Türkiye,5,
Guideline 3.2.2 - Unacceptable,Hong Kong,3,
Guideline 3.2.2 - Unacceptable,Russia,2,
Guideline 3.2.2 - Unacceptable,Philippines,2,
Guideline 3.2.2 - Unacceptable,Vietnam,1,
Guideline 3.2.2 - Unacceptable,United Kingdom,1,
Guideline 3.2.2 - Unacceptable,South Korea,1,
Guideline 3.2.2 - Unacceptable,Singapore,1,
Guideline 3.2.2 - Unacceptable,Serbia,1,
Guideline 3.2.2 - Unacceptable,Saint Vincent and the Grenadines,1,
Guideline 3.2.2 - Unacceptable,Israel,1,
Guideline 3.2.2 - Unacceptable,Indonesia,1,
Guideline 3.2.2 - Unacceptable,France,1,
Guideline 3.2.2 - Unacceptable,Denmark,1,
Guideline 3.2.2 - Unacceptable,Cyprus,1,
Guideline 3.2.2 - Unacceptable,Brazil,1,
Guideline 3.2.2 - Unacceptable,Bahrain,1,
Guideline 5.4 - VPN Apps,Total,35,
Guideline 5.4 - VPN Apps,Hong Kong,7,
Guideline 5.4 - VPN Apps,China mainland,7,
Guideline 5.4 - VPN Apps,United Kingdom,5,
Guideline 5.4 - VPN Apps,Vietnam,4,
Guideline 5.4 - VPN Apps,Singapore,4,
Guideline 5.4 - VPN Apps,United Arab Emirates,1,
Guideline 5.4 - VPN Apps,Ukraine,1,
Guideline 5.4 - VPN Apps,Israel,1,
Guideline 5.4 - VPN Apps,France,1,
Guideline 5.4 - VPN Apps,Estonia,1,
Guideline 5.4 - VPN Apps,Denmark,1,
Guideline 5.4 - VPN Apps,Cyprus,1,
Guideline 5.4 - VPN Apps,British Virgin Islands,1,
Guideline 1.5.0 - Developer Information,Total,27,
Guideline 1.5.0 - Developer Information,China mainland,8,
Guideline 1.5.0 - Developer Information,United States,7,
Guideline 1.5.0 - Developer Information,United Kingdom,3,
Guideline 1.5.0 - Developer Information,Germany,2,
Guideline 1.5.0 - Developer Information,Brazil,2,
Guideline 1.5.0 - Developer Information,Vietnam,1,
Guideline 1.5.0 - Developer Information,Thailand,1,
Guideline 1.5.0 - Developer Information,Spain,1,
Guideline 1.5.0 - Developer Information,Russia,1,
Guideline 1.5.0 - Developer Information,India,1,
Guideline 3.2.1 - Acceptable,Total,23,
Guideline 3.2.1 - Acceptable,China mainland,10,
Guideline 3.2.1 - Acceptable,Russia,3,
Guideline 3.2.1 - Acceptable,Philippines,2,
Guideline 3.2.1 - Acceptable,Mexico,2,
Guideline 3.2.1 - Acceptable,Ukraine,1,
Guideline 3.2.1 - Acceptable,South Korea,1,
Guideline 3.2.1 - Acceptable,Saint Vincent and the Grenadines,1,
Guideline 3.2.1 - Acceptable,Indonesia,1,
Guideline 3.2.1 - Acceptable,Hong Kong,1,
Guideline 3.2.1 - Acceptable,Anguilla,1,
Guideline 3.0.0 - General,Total,21,
Guideline 3.0.0 - General,China mainland,4,
Guideline 3.0.0 - General,United Kingdom,3,
Guideline 3.0.0 - General,Moldova,3,
Guideline 3.0.0 - General,Vietnam,2,
Guideline 3.0.0 - General,United States,2,
Guideline 3.0.0 - General,British Virgin Islands,2,
Guideline 3.0.0 - General,Ukraine,1,
Guideline 3.0.0 - General,Türkiye,1,
Guideline 3.0.0 - General,Saudi Arabia,1,
Guideline 3.0.0 - General,Russia,1,
Guideline 3.0.0 - General,Indonesia,1,
Guideline 1.1.4 - Sexual and Pornographic Content,Total,19,
Guideline 1.1.4 - Sexual and Pornographic Content,China mainland,7,
Guideline 1.1.4 - Sexual and Pornographic Content,United Kingdom,3,
Guideline 1.1.4 - Sexual and Pornographic Content,Vietnam,1,
Guideline 1.1.4 - Sexual and Pornographic Content,Thailand,1,
Guideline 1.1.4 - Sexual and Pornographic Content,Taiwan,1,
Guideline 1.1.4 - Sexual and Pornographic Content,Philippines,1,
Guideline 1.1.4 - Sexual and Pornographic Content,Norway,1,
Guideline 1.1.4 - Sexual and Pornographic Content,Japan,1,
Guideline 1.1.4 - Sexual and Pornographic Content,Hong Kong,1,
Guideline 1.1.4 - Sexual and Pornographic Content,Cayman Islands,1,
Guideline 1.1.4 - Sexual and Pornographic Content,Belize,1,
Guideline 1.1.0 - General,Total,18,
Guideline 1.1.0 - General,Ukraine,2,
Guideline 1.1.0 - General,Russia,2,
Guideline 1.1.0 - General,Hong Kong,2,
Guideline 1.1.0 - General,Vietnam,1,
Guideline 1.1.0 - General,United States,1,
Guideline 1.1.0 - General,United Kingdom,1,
Guideline 1.1.0 - General,Morocco,1,
Guideline 1.1.0 - General,Japan,1,
Guideline 1.1.0 - General,Germany,1,
Guideline 1.1.0 - General,Finland,1,
Guideline 1.1.0 - General,Cyprus,1,
Guideline 1.1.0 - General,China mainland,1,
Guideline 1.1.0 - General,Cayman Islands,1,
Guideline 1.1.0 - General,Bosnia and Herzegovina,1,
Guideline 1.1.0 - General,Belgium,1,
Guideline 5.2.1 - Intellectual Property - General,Total,17,
Guideline 5.2.1 - Intellectual Property - General,United States,4,
Guideline 5.2.1 - Intellectual Property - General,India,3,
Guideline 5.2.1 - Intellectual Property - General,Vietnam,2,
Guideline 5.2.1 - Intellectual Property - General,Morocco,2,
Guideline 5.2.1 - Intellectual Property - General,China mainland,2,
Guideline 5.2.1 - Intellectual Property - General,Russia,1,
Guideline 5.2.1 - Intellectual Property - General,Lebanon,1,
Guideline 5.2.1 - Intellectual Property - General,Brazil,1,
Guideline 5.2.1 - Intellectual Property - General,Australia,1,
Guideline 5.2.3 - Audio/Video Downloading,Total,14,
Guideline 5.2.3 - Audio/Video Downloading,India,5,
Guideline 5.2.3 - Audio/Video Downloading,China mainland,5,
Guideline 5.2.3 - Audio/Video Downloading,United States,2,
Guideline 5.2.3 - Audio/Video Downloading,Russia,1,
Guideline 5.2.3 - Audio/Video Downloading,Poland,1,
Guideline 5.2.2 - 3rd Party TMs,Total,13,
Guideline 5.2.2 - 3rd Party TMs,Vietnam,2,
Guideline 5.2.2 - 3rd Party TMs,Estonia,2,
Guideline 5.2.2 - 3rd Party TMs,China mainland,2,
Guideline 5.2.2 - 3rd Party TMs,United States,1,
Guideline 5.2.2 - 3rd Party TMs,Türkiye,1,
Guideline 5.2.2 - 3rd Party TMs,Spain,1,
Guideline 5.2.2 - 3rd Party TMs,Poland,1,
Guideline 5.2.2 - 3rd Party TMs,Jamaica,1,
Guideline 5.2.2 - 3rd Party TMs,Iraq,1,
Guideline 5.2.2 - 3rd Party TMs,Ghana,1,
"Guideline 1.4.3 - Drugs, Alcohol, and Tobacco",Total,11,
"Guideline 1.4.3 - Drugs, Alcohol, and Tobacco",United States,2,
"Guideline 1.4.3 - Drugs, Alcohol, and Tobacco",Japan,2,
"Guideline 1.4.3 - Drugs, Alcohol, and Tobacco",Vietnam,1,
"Guideline 1.4.3 - Drugs, Alcohol, and Tobacco",Russia,1,
"Guideline 1.4.3 - Drugs, Alcohol, and Tobacco",Netherlands,1,
"Guideline 1.4.3 - Drugs, Alcohol, and Tobacco",Kazakhstan,1,
"Guideline 1.4.3 - Drugs, Alcohol, and Tobacco",Indonesia,1,
"Guideline 1.4.3 - Drugs, Alcohol, and Tobacco",China mainland,1,
"Guideline 1.4.3 - Drugs, Alcohol, and Tobacco",Belgium,1,
Guideline 3.1.7 - Advertising,Total,11,
Guideline 3.1.7 - Advertising,China mainland,5,
Guideline 3.1.7 - Advertising,Vietnam,3,
Guideline 3.1.7 - Advertising,United States,2,
Guideline 3.1.7 - Advertising,Belarus,1,
Guideline 3.1.5 - Cryptocurrencies,Total,10,
Guideline 3.1.5 - Cryptocurrencies,Vietnam,2,
Guideline 3.1.5 - Cryptocurrencies,United States,2,
Guideline 3.1.5 - Cryptocurrencies,United Kingdom,1,
Guideline 3.1.5 - Cryptocurrencies,Switzerland,1,
Guideline 3.1.5 - Cryptocurrencies,South Africa,1,
Guideline 3.1.5 - Cryptocurrencies,Hungary,1,
Guideline 3.1.5 - Cryptocurrencies,Hong Kong,1,
Guideline 3.1.5 - Cryptocurrencies,Estonia,1,
Guideline 1.1.1 - Defamatory or Mean-Spirited Content,Total,9,
Guideline 1.1.1 - Defamatory or Mean-Spirited Content,Russia,5,
Guideline 1.1.1 - Defamatory or Mean-Spirited Content,United States,3,
Guideline 1.1.1 - Defamatory or Mean-Spirited Content,China mainland,1,
Guideline 5.3.4 - Real Money Gaming Requirements,Total,9,
Guideline 5.3.4 - Real Money Gaming Requirements,United Kingdom,3,
Guideline 5.3.4 - Real Money Gaming Requirements,United States,2,
Guideline 5.3.4 - Real Money Gaming Requirements,Thailand,2,
Guideline 5.3.4 - Real Money Gaming Requirements,United Arab Emirates,1,
Guideline 5.3.4 - Real Money Gaming Requirements,Netherlands Antilles,1,
Guideline 2.5.2 - Apps Should Be Self-Contained,Total,8,
Guideline 2.5.2 - Apps Should Be Self-Contained,China mainland,5,
Guideline 2.5.2 - Apps Should Be Self-Contained,United States,2,
Guideline 2.5.2 - Apps Should Be Self-Contained,San Marino,1,
Guideline 4.8 Design: Sign In With Apple,Total,8,
Guideline 4.8 Design: Sign In With Apple,China mainland,5,
Guideline 4.8 Design: Sign In With Apple,United Kingdom,1,
Guideline 4.8 Design: Sign In With Apple,United Arab Emirates,1,
Guideline 4.8 Design: Sign In With Apple,India,1,
Guideline 2.1.0 - Info Needed,Total,7,
Guideline 2.1.0 - Info Needed,China mainland,6,
Guideline 2.1.0 - Info Needed,Netherlands,1,
Guideline 2.3.0 - Accurate Metadata,Total,7,
Guideline 2.3.0 - Accurate Metadata,China mainland,3,
Guideline 2.3.0 - Accurate Metadata,United States,1,
Guideline 2.3.0 - Accurate Metadata,United Kingdom,1,
Guideline 2.3.0 - Accurate Metadata,United Arab Emirates,1,
Guideline 2.3.0 - Accurate Metadata,Israel,1,
Guideline 2.5.1 - API Usage,Total,7,
Guideline 2.5.1 - API Usage,China mainland,3,
Guideline 2.5.1 - API Usage,India,2,
Guideline 2.5.1 - API Usage,United States,1,
Guideline 2.5.1 - API Usage,Germany,1,
Guideline 2.3.8 - Age-Appropriate Metadata and Metadata Similarity,Total,6,
Guideline 2.3.8 - Age-Appropriate Metadata and Metadata Similarity,United Kingdom,2,
Guideline 2.3.8 - Age-Appropriate Metadata and Metadata Similarity,Russia,1,
Guideline 2.3.8 - Age-Appropriate Metadata and Metadata Similarity,Italy,1,
Guideline 2.3.8 - Age-Appropriate Metadata and Metadata Similarity,France,1,
Guideline 2.3.8 - Age-Appropriate Metadata and Metadata Similarity,China mainland,1,
Guideline 4.0.0 - General,Total,6,
Guideline 4.0.0 - General,Russia,2,
Guideline 4.0.0 - General,China mainland,2,
Guideline 4.0.0 - General,India,1,
Guideline 4.0.0 - General,Brazil,1,
Guideline 1.2.0 - User-Generated Content,Total,5,
Guideline 1.2.0 - User-Generated Content,China mainland,2,
Guideline 1.2.0 - User-Generated Content,Morocco,1,
Guideline 1.2.0 - User-Generated Content,India,1,
Guideline 1.2.0 - User-Generated Content,Brazil,1,
Guideline 2.3.3 - Relevant Screenshots,Total,5,
Guideline 2.3.3 - Relevant Screenshots,China mainland,2,
Guideline 2.3.3 - Relevant Screenshots,Vietnam,1,
Guideline 2.3.3 - Relevant Screenshots,Kuwait,1,
Guideline 2.3.3 - Relevant Screenshots,Hong Kong,1,
"Guideline 4.7.0 - HTML5 Games, Bots, Etc.",Total,5,
"Guideline 4.7.0 - HTML5 Games, Bots, Etc.",Bahamas,2,
"Guideline 4.7.0 - HTML5 Games, Bots, Etc.",United States,1,
"Guideline 4.7.0 - HTML5 Games, Bots, Etc.",Singapore,1,
"Guideline 4.7.0 - HTML5 Games, Bots, Etc.",China mainland,1,
Guideline 5.2.5 - Apple Products,Total,5,
Guideline 5.2.5 - Apple Products,United States,2,
Guideline 5.2.5 - Apple Products,Canada,2,
Guideline 5.2.5 - Apple Products,Argentina,1,
Guideline 1.1.3 - Weapons,Total,4,
Guideline 1.1.3 - Weapons,United States,3,
Guideline 1.1.3 - Weapons,Japan,1,
Guideline 1.4.5 - Physical Harm,Total,4,
Guideline 1.4.5 - Physical Harm,United States,3,
Guideline 1.4.5 - Physical Harm,Benin,1,
Guideline 2.2.0 - Beta Testing,Total,4,
Guideline 2.2.0 - Beta Testing,United States,2,
Guideline 2.2.0 - Beta Testing,United Kingdom,1,
Guideline 2.2.0 - Beta Testing,India,1,
Guideline 2.3.10 - Other Mobile Platforms/Development Process References,Total,4,
Guideline 2.3.10 - Other Mobile Platforms/Development Process References,India,2,
Guideline 2.3.10 - Other Mobile Platforms/Development Process References,Vietnam,1,
Guideline 2.3.10 - Other Mobile Platforms/Development Process References,France,1,
Guideline 1.1.2  - Violence,Total,3,
Guideline 1.1.2  - Violence,United States,1,
Guideline 1.1.2  - Violence,Japan,1,
Guideline 1.1.2  - Violence,Israel,1,
Guideline 2.4.5 - Mac Requirements,Total,2,
Guideline 2.4.5 - Mac Requirements,India,1,
Guideline 2.4.5 - Mac Requirements,China mainland,1,
Guideline 4.1 - Copycats,Total,2,
Guideline 4.1 - Copycats,United States,1,
Guideline 4.1 - Copycats,China mainland,1,
Guideline 1.4.0 - BAC Calculators,Total,1,
Guideline 1.4.0 - BAC Calculators,Türkiye,1,
Guideline 1.4.2 - Drug Dosage,Total,1,
Guideline 1.4.2 - Drug Dosage,United States,1,
Guideline 2.3.2 - Supplemental Content and Promoted IAP Metadata,Total,1,
Guideline 2.3.2 - Supplemental Content and Promoted IAP Metadata,China mainland,1,
Guideline 2.5.14 - User Consent for Recording and Logging,Total,1,
Guideline 2.5.14 - User Consent for Recording and Logging,China mainland,1,
Guideline 2.5.6 - Browsers and WebKit,Total,1,
Guideline 2.5.6 - Browsers and WebKit,Ukraine,1,
Guideline 3.2.0 Business: Other Business Model Issues,Total,1,
Guideline 3.2.0 Business: Other Business Model Issues,United States,1,
Guideline 4.2.3 - Requires Another App,Total,1,
Guideline 4.2.3 - Requires Another App,South Korea,1,
Guideline 4.4.0 - Extensions,Total,1,
Guideline 4.4.0 - Extensions,France,1,
Guideline 5.1.3 - Health & Health Research,Total,1,
Guideline 5.1.3 - Health & Health Research,United States,1,
Guideline 5.1.5 - Location Services,Total,1,
Guideline 5.1.5 - Location Services,China mainland,1,
Guideline 5.3.1 - Contest Sponsorship,Total,1,
Guideline 5.3.1 - Contest Sponsorship,Russia,1,
Guideline 5.3.2 - Official Rules & Apple Disclaimer,Total,1,
Guideline 5.3.2 - Official Rules & Apple Disclaimer,United Kingdom,1,