﻿"Apps Removed from the App Store Subject to Government Takedown Demands:
Breakout by Government Entity and Law Cited",,,,"Note: ""Apps Removed"" counts are grouped by Law Cited by the Government Entity. Some takedown demands include multiple legal bases."
Country Issuing Demand,Apps Removed,Government Entity ,Law Cited,
Bulgaria,1,"Ministry of Transport, Information Technology and Communications",Competition Protection Act,
China mainland,68,Cyberspace Administration of China,Cybersecurity Law of the People's Republic of China,
China mainland,3,Cyberspace Administration of China,Cybersecurity Law of the People's Republic of China; Law of the People's Republic of China on Protection of Minors,
China mainland,17,Cyberspace Administration of China,Cybersecurity Law of the People's Republic of China; Measures for the Administration of Internet Religious Information Services,
China mainland,8,Cyberspace Administration of China,Cybersecurity Law of the People's Republic of China; Notice on Further Preventing and Resolving the Risks in Virtual Currency Trading and Speculation; Announcement on Preventing Token Fundraising Risks,
China mainland,12,Cyberspace Administration of China,Cybersecurity Law of the People's Republic of China; Personal Information Protection Law of the People's Republic of China,
China mainland,1,Cyberspace Administration of China,Cybersecurity Law of the People's Republic of China; Provisions on the Ecological Governance of Network Information Contents,
China mainland,9,Cyberspace Administration of China,Personal Information Protection Law of the People's Republic of China,
China mainland,19,Cyberspace Administration of China,Provisions on the Security Assessment of Internet-based Information Services with Attribute of Public Opinions or Capable of Social Mobilization,
China mainland,15,"Ministry of Industry & Information Technology, People's Republic of China",Circular on Effectively Carrying out the Work on the Change from Filing to Approval of Existing Online Subject-Based Training Institutions,
China mainland,1275*,"National Press and Publication Administration, People’s Republic of China",Provisions on the Administration of Online Publishing Services,
China mainland,1*,"National Press and Publication Administration, People’s Republic of China",Provisions on the Administration of Online Publishing Services; Law of the People's Republic of China on Protection of Minors,
China mainland,1,"National Press and Publication Administration, People’s Republic of China",Law of the People's Republic of China on Protection of Minors,
China mainland,5,"National Radio and Television Administration, People's Republic of China",Provisions on Internet-based Audio-Visual Program Services,
China mainland,1,"State Administration of Foreign Exchange, People's Republic of China",Notice on Intensified Efforts for Investigation and Punishment of Illegal Forex Futures Transactions and Forex Margin Transactions,
Cyprus,1,Cyprus Police Department,Lottery Act; Gaming Act,
Hong Kong,1,Hong Kong Police Force,"Gambling Ordinance, Cap. 148",
India,1,Indian Computer Emergency Response Team,"Information Technology Act, 2000",
India,13,Ministry of Electronics & Information Technology,"Information Technology Act, 2000",
Italy,1,"Guardia di Finanza, Special Currency Unit",Notification of the Court Order of Precautionary Measure and Preventive Seizure,
Latvia,1,National Electronic Mass Media Council of Latvia,Electronic Mass Media Law,
Nigeria,1,Federal High Court of Nigeria,Federal Competition and Consumer Protection Act,
Pakistan,1,Pakistan Telecommunication Authority,"Foreign Exchange Regulation Act, 1947; Prevention of Electronic Crime Act, 2016",
Pakistan,9,Pakistan Telecommunication Authority,"Punjab Holy Quran (Printing and Recording) Act, 2011",
Russia,4,"Federal Service for Supervision of Communications, Information Technology and Mass Media (Roskomnadzor)","Federal Law N 86-FZ ""On the Central Bank of the Russian Federation (""Bank of Russia"")""",
Russia,2,"Federal Service for Supervision of Communications, Information Technology and Mass Media (Roskomnadzor)","Federal Law No. 149-FZ ""On Information, Information Technologies and Information Protection""",
Russia,1,"Federal Service for Supervision of Communications, Information Technology and Mass Media (Roskomnadzor)","Federal Law No. 152-FZ ""On Personal Data""",
Türkiye,2,Information and Communication Technologies Authority,Law numbered 6639 “on regulation of publications on the Internet and combating crimes committed by means of such publications”,
,,,,
*There were 1276 game apps removed for lack of a legally required GRN license.,,,,