﻿"Apps Removed from the App Store by App Category:
Breakout by Country/Region		",,,Note: Country/Region denotes the origin of the developer of the removed app.
App Category,Country/Region,Apps Removed,
Games,Total,38833,
Games,China mainland,6173,
Games,United States,5830,
Games,Vietnam,4561,
Games,India,3342,
Games,Japan,2009,
Games,United Kingdom,1849,
Games,Pakistan,1365,
Games,Thailand,1140,
Games,Russia,839,
Games,Türkiye,822,
Games,Hong Kong,784,
Games,Canada,782,
Games,Germany,679,
Games,Australia,615,
Games,France,571,
Games,South Korea,433,
Games,Spain,419,
Games,Ukraine,411,
Games,Italy,322,
Games,Netherlands,322,
Games,Jordan,308,
Games,Israel,297,
Games,Poland,250,
Games,Brazil,242,
Games,Morocco,226,
Games,Romania,218,
Games,Taiwan,214,
Games,Singapore,186,
Games,Sweden,181,
Games,Indonesia,176,
Games,Mexico,157,
Games,Malaysia,143,
Games,New Zealand,143,
Games,Denmark,134,
Games,Switzerland,125,
Games,United Arab Emirates,122,
Games,Cyprus,116,
Games,Finland,114,
Games,Hungary,107,
Games,Egypt,100,
Games,Philippines,98,
Games,Bulgaria,96,
Games,Austria,88,
Games,Czechia,83,
Games,Belarus,80,
Games,Norway,73,
Games,Ireland,68,
Games,Moldova,68,
Games,Bangladesh,63,
Games,Portugal,63,
Games,South Africa,58,
Games,Belgium,53,
Games,Saudi Arabia,51,
Games,Estonia,49,
Games,Argentina,47,
Games,Armenia,46,
Games,Slovakia,45,
Games,Serbia,44,
Games,Slovenia,44,
Games,British Virgin Islands,41,
Games,Lebanon,41,
Games,Greece,38,
Games,Lithuania,38,
Games,Croatia,37,
Games,Latvia,36,
Games,Mongolia,30,
Games,Chile,29,
Games,Kenya,26,
Games,Colombia,24,
Games,Kazakhstan,24,
Games,Uruguay,23,
Games,Algeria,21,
Games,Guatemala,21,
Games,Sri Lanka,20,
Games,Malta,19,
Games,Tunisia,19,
Games,Seychelles,17,
Games,Georgia,15,
Games,Macao,14,
Games,Ecuador,12,
Games,Kuwait,12,
Games,Greenland,11,
Games,Peru,11,
Games,Qatar,11,
Games,Albania,10,
Games,Jamaica,9,
Games,Jersey,9,
Games,Luxembourg,9,
Games,Azerbaijan,8,
Games,Bahrain,8,
Games,North Macedonia,8,
Games,Uzbekistan,8,
Games,Bosnia and Herzegovina,7,
Games,Kyrgyzstan,7,
Games,Yemen,7,
Games,Cambodia,6,
Games,Costa Rica,6,
Games,Dominican Republic,6,
Games,Iceland,6,
Games,Puerto Rico,6,
Games,Venezuela,6,
Games,Guernsey,5,
Games,Oman,5,
Games,Palestinian Territories,5,
Games,Trinidad and Tobago,5,
Games,Libya,4,
Games,Nigeria,4,
Games,Belize,3,
Games,Bolivia,3,
Games,Gibraltar,3,
Games,Iraq,3,
Games,Nepal,3,
Games,Paraguay,3,
Games,Uganda,3,
Games,United States Minor Outlying Islands,3,
Games,Cayman Islands,2,
Games,El Salvador,2,
Games,Honduras,2,
Games,Mauritius,2,
Games,Monaco,2,
Games,Nicaragua,2,
Games,Reunion,2,
Games,Bahamas,1,
Games,Brunei,1,
Games,Ghana,1,
Games,Laos,1,
Games,Myanmar,1,
Games,Netherlands Antilles,1,
Games,Panama,1,
Utilities,Total,20045,
Utilities,China mainland,9077,
Utilities,United States,1829,
Utilities,Vietnam,800,
Utilities,India,571,
Utilities,United Kingdom,485,
Utilities,Türkiye,468,
Utilities,Taiwan,422,
Utilities,Brazil,404,
Utilities,Italy,395,
Utilities,Russia,360,
Utilities,France,324,
Utilities,Japan,308,
Utilities,Hong Kong,307,
Utilities,Germany,306,
Utilities,Spain,289,
Utilities,Canada,263,
Utilities,Mexico,206,
Utilities,Australia,205,
Utilities,Thailand,181,
Utilities,Netherlands,160,
Utilities,Malaysia,143,
Utilities,South Korea,119,
Utilities,Ukraine,116,
Utilities,Singapore,113,
Utilities,Pakistan,95,
Utilities,Sweden,93,
Utilities,Philippines,90,
Utilities,Kenya,85,
Utilities,Israel,80,
Utilities,Portugal,74,
Utilities,Indonesia,70,
Utilities,Switzerland,70,
Utilities,Argentina,69,
Utilities,Moldova,69,
Utilities,Colombia,62,
Utilities,Denmark,60,
Utilities,Poland,60,
Utilities,South Africa,54,
Utilities,Romania,53,
Utilities,Austria,52,
Utilities,United Arab Emirates,50,
Utilities,Bangladesh,49,
Utilities,Czechia,47,
Utilities,Greece,47,
Utilities,Estonia,44,
Utilities,Belgium,43,
Utilities,New Zealand,43,
Utilities,Costa Rica,40,
Utilities,Morocco,37,
Utilities,Saudi Arabia,37,
Utilities,Lebanon,35,
Utilities,Norway,34,
Utilities,Chile,31,
Utilities,Ireland,30,
Utilities,Hungary,28,
Utilities,Finland,27,
Utilities,Egypt,26,
Utilities,Nigeria,21,
Utilities,Uganda,21,
Utilities,Bulgaria,19,
Utilities,Belarus,15,
Utilities,Kazakhstan,15,
Utilities,Lithuania,15,
Utilities,Peru,15,
Utilities,Qatar,12,
Utilities,Uruguay,12,
Utilities,Armenia,11,
Utilities,Slovakia,11,
Utilities,Venezuela,11,
Utilities,Ecuador,10,
Utilities,Latvia,10,
Utilities,Serbia,9,
Utilities,Kuwait,8,
Utilities,Slovenia,8,
Utilities,British Virgin Islands,7,
Utilities,Croatia,7,
Utilities,Cyprus,7,
Utilities,Malta,7,
Utilities,Seychelles,7,
Utilities,Sri Lanka,7,
Utilities,Uzbekistan,7,
Utilities,Bahrain,6,
Utilities,Dominican Republic,6,
Utilities,Jordan,6,
Utilities,Panama,6,
Utilities,Tunisia,6,
Utilities,Albania,5,
Utilities,Azerbaijan,5,
Utilities,Bolivia,5,
Utilities,Iceland,5,
Utilities,Nepal,5,
Utilities,Luxembourg,4,
Utilities,Macao,4,
Utilities,Puerto Rico,4,
Utilities,Bosnia and Herzegovina,3,
Utilities,El Salvador,3,
Utilities,Georgia,3,
Utilities,Guatemala,3,
Utilities,Honduras,3,
Utilities,Jamaica,3,
Utilities,Mongolia,3,
Utilities,Andorra,2,
Utilities,Angola,2,
Utilities,Belize,2,
Utilities,Ghana,2,
Utilities,Iraq,2,
Utilities,Kyrgyzstan,2,
Utilities,Laos,2,
Utilities,Malawi,2,
Utilities,Maldives,2,
Utilities,Mauritius,2,
Utilities,Myanmar,2,
Utilities,Oman,2,
Utilities,Paraguay,2,
Utilities,San Marino,2,
Utilities,Senegal,2,
Utilities,Yemen,2,
Utilities,Zimbabwe,2,
Utilities,Algeria,1,
Utilities,Anguilla,1,
Utilities,Bhutan,1,
Utilities,Botswana,1,
Utilities,Cape Verde,1,
Utilities,Cayman Islands,1,
Utilities,Guinea-Bissau,1,
Utilities,Lesotho,1,
Utilities,Marshall Islands,1,
Utilities,Martinique,1,
Utilities,Monaco,1,
Utilities,Namibia,1,
Utilities,Nicaragua,1,
Utilities,North Macedonia,1,
Utilities,Tajikistan,1,
Utilities,Trinidad and Tobago,1,
Business,Total,16997,
Business,United States,3979,
Business,China mainland,2685,
Business,India,1143,
Business,United Kingdom,1017,
Business,Brazil,514,
Business,Australia,498,
Business,Türkiye,417,
Business,Canada,405,
Business,Germany,383,
Business,Vietnam,366,
Business,Russia,351,
Business,Netherlands,329,
Business,Japan,299,
Business,South Korea,292,
Business,France,279,
Business,Spain,239,
Business,Singapore,211,
Business,Taiwan,187,
Business,Malaysia,179,
Business,Italy,177,
Business,Hong Kong,141,
Business,Mexico,140,
Business,Thailand,137,
Business,Israel,136,
Business,United Arab Emirates,129,
Business,Poland,123,
Business,Pakistan,118,
Business,Saudi Arabia,118,
Business,South Africa,115,
Business,Sweden,115,
Business,Egypt,113,
Business,Denmark,100,
Business,Switzerland,95,
Business,Ukraine,81,
Business,Belgium,75,
Business,Indonesia,74,
Business,New Zealand,73,
Business,Norway,70,
Business,Czechia,61,
Business,Ireland,58,
Business,Portugal,54,
Business,Romania,54,
Business,Philippines,43,
Business,Austria,37,
Business,Kenya,37,
Business,Hungary,36,
Business,Colombia,35,
Business,Kuwait,35,
Business,Lebanon,35,
Business,Finland,31,
Business,Greece,27,
Business,Qatar,23,
Business,Argentina,22,
Business,Chile,22,
Business,Kazakhstan,22,
Business,Bulgaria,21,
Business,Jordan,20,
Business,Belarus,16,
Business,Bahrain,15,
Business,Cambodia,15,
Business,Croatia,15,
Business,Oman,15,
Business,Slovakia,15,
Business,Ecuador,13,
Business,Nepal,13,
Business,Nigeria,13,
Business,Serbia,12,
Business,Slovenia,12,
Business,Lithuania,11,
Business,Mongolia,11,
Business,Panama,11,
Business,Peru,11,
Business,Sri Lanka,11,
Business,Uruguay,11,
Business,Costa Rica,10,
Business,Bangladesh,8,
Business,Luxembourg,8,
Business,Morocco,8,
Business,Armenia,7,
Business,British Virgin Islands,7,
Business,Cyprus,7,
Business,North Macedonia,7,
Business,Malta,6,
Business,Palestinian Territories,6,
Business,Puerto Rico,6,
Business,Dominican Republic,5,
Business,Estonia,5,
Business,Ghana,5,
Business,Guatemala,5,
Business,Iraq,5,
Business,Uzbekistan,5,
Business,Azerbaijan,4,
Business,Kyrgyzstan,4,
Business,Mauritius,4,
Business,Trinidad and Tobago,4,
Business,Ethiopia,3,
Business,Myanmar,3,
Business,Uganda,3,
Business,Venezuela,3,
Business,Albania,2,
Business,Bolivia,2,
Business,Georgia,2,
Business,Iceland,2,
Business,Jamaica,2,
Business,Jersey,2,
Business,Latvia,2,
Business,Maldives,2,
Business,Namibia,2,
Business,Niger,2,
Business,Paraguay,2,
Business,San Marino,2,
Business,Somalia,2,
Business,Suriname,2,
Business,Tunisia,2,
Business,Zimbabwe,2,
Business,Algeria,1,
Business,Andorra,1,
Business,Anguilla,1,
Business,Aruba,1,
Business,Bahamas,1,
Business,Belize,1,
Business,Bermuda,1,
Business,Bosnia and Herzegovina,1,
Business,Botswana,1,
Business,Brunei,1,
Business,Cameroon,1,
Business,El Salvador,1,
Business,Fiji,1,
Business,French Polynesia,1,
Business,Gambia,1,
Business,Guadeloupe,1,
Business,Guam,1,
Business,Haiti,1,
Business,Liechtenstein,1,
Business,Macao,1,
Business,Madagascar,1,
Business,Malawi,1,
Business,Martinique,1,
Business,Moldova,1,
Business,Monaco,1,
Business,Montenegro,1,
Business,Netherlands Antilles,1,
Business,Saint Kitts and Nevis,1,
Business,Seychelles,1,
Business,Togo,1,
Business,Turkmenistan,1,
Education,Total,16509,
Education,China mainland,3948,
Education,United States,3150,
Education,India,989,
Education,United Kingdom,605,
Education,Japan,553,
Education,Brazil,494,
Education,South Korea,434,
Education,Vietnam,417,
Education,Thailand,386,
Education,Australia,367,
Education,Canada,342,
Education,Hong Kong,284,
Education,Spain,275,
Education,Türkiye,241,
Education,Germany,225,
Education,Russia,220,
Education,Taiwan,203,
Education,Singapore,192,
Education,Mexico,191,
Education,France,188,
Education,Italy,184,
Education,Israel,162,
Education,Netherlands,160,
Education,Pakistan,139,
Education,Malaysia,120,
Education,Poland,98,
Education,Saudi Arabia,93,
Education,New Zealand,83,
Education,Egypt,74,
Education,Switzerland,71,
Education,Indonesia,67,
Education,United Arab Emirates,63,
Education,Denmark,60,
Education,Sweden,60,
Education,Czechia,59,
Education,Norway,57,
Education,Ukraine,55,
Education,Kuwait,51,
Education,Romania,46,
Education,Colombia,45,
Education,Ireland,44,
Education,Belgium,42,
Education,Jordan,42,
Education,Tunisia,42,
Education,Chile,41,
Education,Lebanon,41,
Education,Greece,39,
Education,Kenya,39,
Education,Qatar,39,
Education,Morocco,38,
Education,Philippines,37,
Education,South Africa,36,
Education,Argentina,33,
Education,Nepal,32,
Education,Finland,31,
Education,Portugal,30,
Education,Austria,28,
Education,Slovenia,20,
Education,Slovakia,19,
Education,Uzbekistan,18,
Education,Bangladesh,17,
Education,Hungary,17,
Education,Bulgaria,16,
Education,Croatia,16,
Education,Cyprus,16,
Education,Peru,16,
Education,Cambodia,14,
Education,Kazakhstan,13,
Education,Belarus,12,
Education,Puerto Rico,12,
Education,Ecuador,11,
Education,Nigeria,11,
Education,Estonia,10,
Education,Lithuania,10,
Education,Palestinian Territories,10,
Education,Serbia,10,
Education,Armenia,9,
Education,Bahrain,8,
Education,Iraq,8,
Education,Latvia,8,
Education,Azerbaijan,7,
Education,Iceland,7,
Education,Sri Lanka,7,
Education,Guatemala,6,
Education,Bolivia,5,
Education,Luxembourg,5,
Education,Moldova,5,
Education,Trinidad and Tobago,5,
Education,Uruguay,5,
Education,Costa Rica,4,
Education,El Salvador,4,
Education,Mongolia,4,
Education,North Macedonia,4,
Education,Brunei,3,
Education,Malta,3,
Education,Oman,3,
Education,Venezuela,3,
Education,Albania,2,
Education,British Virgin Islands,2,
Education,Ghana,2,
Education,Greenland,2,
Education,Honduras,2,
Education,Macao,2,
Education,Myanmar,2,
Education,Seychelles,2,
Education,Uganda,2,
Education,Zimbabwe,2,
Education,Bahamas,1,
Education,Belize,1,
Education,Bhutan,1,
Education,Burkina Faso,1,
Education,Cameroon,1,
Education,Dominican Republic,1,
Education,Georgia,1,
Education,Guam,1,
Education,Isle of Man,1,
Education,Jamaica,1,
Education,Jersey,1,
Education,Kyrgyzstan,1,
Education,Malawi,1,
Education,Martinique,1,
Education,Mauritius,1,
Education,Montenegro,1,
Education,Namibia,1,
Education,Panama,1,
Education,Paraguay,1,
Education,Tajikistan,1,
Education,Tanzania,1,
Education,United States Minor Outlying Islands,1,
Education,United States Virgin Islands,1,
Lifestyle,Total,15171,
Lifestyle,China mainland,5244,
Lifestyle,United States,2574,
Lifestyle,Japan,742,
Lifestyle,United Kingdom,586,
Lifestyle,South Korea,456,
Lifestyle,India,429,
Lifestyle,Russia,358,
Lifestyle,Vietnam,304,
Lifestyle,Brazil,265,
Lifestyle,Germany,264,
Lifestyle,Canada,260,
Lifestyle,France,254,
Lifestyle,Hong Kong,251,
Lifestyle,Spain,227,
Lifestyle,Italy,183,
Lifestyle,Türkiye,183,
Lifestyle,Australia,163,
Lifestyle,Taiwan,152,
Lifestyle,Thailand,144,
Lifestyle,Mexico,143,
Lifestyle,Malaysia,128,
Lifestyle,Pakistan,119,
Lifestyle,Netherlands,98,
Lifestyle,Kenya,90,
Lifestyle,Poland,84,
Lifestyle,Singapore,77,
Lifestyle,Israel,72,
Lifestyle,South Africa,64,
Lifestyle,Switzerland,58,
Lifestyle,Saudi Arabia,56,
Lifestyle,Ukraine,56,
Lifestyle,Argentina,51,
Lifestyle,Indonesia,51,
Lifestyle,United Arab Emirates,46,
Lifestyle,Bangladesh,45,
Lifestyle,Egypt,40,
Lifestyle,New Zealand,37,
Lifestyle,Romania,37,
Lifestyle,Philippines,36,
Lifestyle,Colombia,33,
Lifestyle,Sweden,32,
Lifestyle,Belgium,31,
Lifestyle,Denmark,31,
Lifestyle,Portugal,31,
Lifestyle,Morocco,28,
Lifestyle,Austria,26,
Lifestyle,Ireland,24,
Lifestyle,Nigeria,24,
Lifestyle,Norway,23,
Lifestyle,Kazakhstan,22,
Lifestyle,Czechia,20,
Lifestyle,Slovakia,19,
Lifestyle,Bulgaria,17,
Lifestyle,Latvia,17,
Lifestyle,Lebanon,17,
Lifestyle,Belarus,16,
Lifestyle,Estonia,16,
Lifestyle,Finland,16,
Lifestyle,Serbia,16,
Lifestyle,Chile,15,
Lifestyle,Hungary,15,
Lifestyle,Ecuador,14,
Lifestyle,Greece,14,
Lifestyle,Kuwait,12,
Lifestyle,Moldova,12,
Lifestyle,Croatia,11,
Lifestyle,Peru,10,
Lifestyle,Sri Lanka,9,
Lifestyle,Uganda,8,
Lifestyle,Uruguay,8,
Lifestyle,Cambodia,7,
Lifestyle,Cyprus,7,
Lifestyle,Guatemala,7,
Lifestyle,Jordan,7,
Lifestyle,Honduras,6,
Lifestyle,Lithuania,6,
Lifestyle,Mauritius,6,
Lifestyle,Slovenia,6,
Lifestyle,Uzbekistan,6,
Lifestyle,Luxembourg,5,
Lifestyle,Paraguay,5,
Lifestyle,Bolivia,4,
Lifestyle,British Virgin Islands,4,
Lifestyle,Cayman Islands,3,
Lifestyle,El Salvador,3,
Lifestyle,Ghana,3,
Lifestyle,Kyrgyzstan,3,
Lifestyle,Malta,3,
Lifestyle,Nepal,3,
Lifestyle,Qatar,3,
Lifestyle,San Marino,3,
Lifestyle,Seychelles,3,
Lifestyle,Tunisia,3,
Lifestyle,Armenia,2,
Lifestyle,Azerbaijan,2,
Lifestyle,Bahrain,2,
Lifestyle,Costa Rica,2,
Lifestyle,Dominican Republic,2,
Lifestyle,Georgia,2,
Lifestyle,Gibraltar,2,
Lifestyle,Laos,2,
Lifestyle,Macao,2,
Lifestyle,Malawi,2,
Lifestyle,Mongolia,2,
Lifestyle,North Macedonia,2,
Lifestyle,Oman,2,
Lifestyle,Panama,2,
Lifestyle,Puerto Rico,2,
Lifestyle,Saint Kitts and Nevis,2,
Lifestyle,Albania,1,
Lifestyle,Benin,1,
Lifestyle,Ethiopia,1,
Lifestyle,Iceland,1,
Lifestyle,Iraq,1,
Lifestyle,Jersey,1,
Lifestyle,Madagascar,1,
Lifestyle,Monaco,1,
Lifestyle,Mozambique,1,
Lifestyle,Myanmar,1,
Lifestyle,Palestinian Territories,1,
Lifestyle,Papua New Guinea,1,
Lifestyle,Reunion,1,
Lifestyle,Rwanda,1,
Lifestyle,Tajikistan,1,
Lifestyle,Tanzania,1,
Lifestyle,Trinidad and Tobago,1,
Lifestyle,United States Virgin Islands,1,
Lifestyle,Zambia,1,
Entertainment,Total,11757,
Entertainment,China mainland,2382,
Entertainment,United States,1849,
Entertainment,Japan,730,
Entertainment,Vietnam,726,
Entertainment,India,492,
Entertainment,United Kingdom,428,
Entertainment,Russia,384,
Entertainment,Spain,308,
Entertainment,Türkiye,301,
Entertainment,France,227,
Entertainment,Italy,222,
Entertainment,Brazil,220,
Entertainment,Canada,184,
Entertainment,Germany,181,
Entertainment,Ukraine,159,
Entertainment,Hong Kong,146,
Entertainment,Mexico,139,
Entertainment,Australia,137,
Entertainment,Peru,134,
Entertainment,Thailand,130,
Entertainment,Morocco,127,
Entertainment,Taiwan,125,
Entertainment,Pakistan,116,
Entertainment,Malaysia,103,
Entertainment,South Korea,102,
Entertainment,Netherlands,92,
Entertainment,Singapore,84,
Entertainment,Egypt,65,
Entertainment,Israel,65,
Entertainment,Colombia,61,
Entertainment,Indonesia,59,
Entertainment,Argentina,58,
Entertainment,Uruguay,51,
Entertainment,Jordan,50,
Entertainment,Switzerland,49,
Entertainment,Poland,46,
Entertainment,Kenya,45,
Entertainment,Romania,44,
Entertainment,Sweden,44,
Entertainment,Austria,38,
Entertainment,Belgium,32,
Entertainment,Finland,32,
Entertainment,Portugal,32,
Entertainment,Bulgaria,31,
Entertainment,New Zealand,31,
Entertainment,Bangladesh,30,
Entertainment,Philippines,29,
Entertainment,United Arab Emirates,27,
Entertainment,Denmark,26,
Entertainment,Hungary,26,
Entertainment,Saudi Arabia,25,
Entertainment,Norway,24,
Entertainment,Ireland,23,
Entertainment,Cyprus,22,
Entertainment,Belarus,21,
Entertainment,Croatia,20,
Entertainment,Czechia,20,
Entertainment,Estonia,20,
Entertainment,Greece,20,
Entertainment,British Virgin Islands,19,
Entertainment,Chile,18,
Entertainment,Lebanon,18,
Entertainment,Uzbekistan,17,
Entertainment,South Africa,16,
Entertainment,Slovakia,15,
Entertainment,Moldova,14,
Entertainment,Kazakhstan,13,
Entertainment,Bahrain,11,
Entertainment,Ecuador,11,
Entertainment,Guatemala,11,
Entertainment,Serbia,11,
Entertainment,Costa Rica,9,
Entertainment,Lithuania,9,
Entertainment,Tunisia,9,
Entertainment,Armenia,8,
Entertainment,Honduras,8,
Entertainment,Belize,7,
Entertainment,Slovenia,7,
Entertainment,Sri Lanka,7,
Entertainment,Venezuela,7,
Entertainment,Kuwait,6,
Entertainment,Latvia,6,
Entertainment,Seychelles,6,
Entertainment,Cambodia,5,
Entertainment,Georgia,5,
Entertainment,Nepal,5,
Entertainment,Nigeria,5,
Entertainment,Uganda,5,
Entertainment,Iceland,4,
Entertainment,Oman,4,
Entertainment,Angola,3,
Entertainment,Bolivia,3,
Entertainment,Dominican Republic,3,
Entertainment,Iraq,3,
Entertainment,Luxembourg,3,
Entertainment,Macao,3,
Entertainment,Mongolia,3,
Entertainment,Namibia,3,
Entertainment,Panama,3,
Entertainment,Albania,2,
Entertainment,Aruba,2,
Entertainment,Bahamas,2,
Entertainment,El Salvador,2,
Entertainment,Guyana,2,
Entertainment,Malta,2,
Entertainment,Nicaragua,2,
Entertainment,North Macedonia,2,
Entertainment,Paraguay,2,
Entertainment,Puerto Rico,2,
Entertainment,Qatar,2,
Entertainment,San Marino,2,
Entertainment,Tanzania,2,
Entertainment,Trinidad and Tobago,2,
Entertainment,Algeria,1,
Entertainment,Azerbaijan,1,
Entertainment,Barbados,1,
Entertainment,Botswana,1,
Entertainment,Cape Verde,1,
Entertainment,Cayman Islands,1,
Entertainment,Gibraltar,1,
Entertainment,Kyrgyzstan,1,
Entertainment,Liechtenstein,1,
Entertainment,Myanmar,1,
Entertainment,Saint Kitts and Nevis,1,
Entertainment,Senegal,1,
Food & Drink,Total,8317,
Food & Drink,United States,1437,
Food & Drink,United Kingdom,1410,
Food & Drink,Russia,628,
Food & Drink,Netherlands,620,
Food & Drink,Brazil,576,
Food & Drink,Hong Kong,403,
Food & Drink,China mainland,337,
Food & Drink,Japan,281,
Food & Drink,Germany,256,
Food & Drink,France,228,
Food & Drink,India,227,
Food & Drink,Italy,197,
Food & Drink,Australia,156,
Food & Drink,Sweden,113,
Food & Drink,Canada,111,
Food & Drink,Türkiye,111,
Food & Drink,Spain,93,
Food & Drink,Vietnam,84,
Food & Drink,Ireland,64,
Food & Drink,South Korea,58,
Food & Drink,United Arab Emirates,56,
Food & Drink,Denmark,50,
Food & Drink,New Zealand,47,
Food & Drink,Taiwan,46,
Food & Drink,Uruguay,42,
Food & Drink,Israel,40,
Food & Drink,Mexico,40,
Food & Drink,Singapore,38,
Food & Drink,Egypt,34,
Food & Drink,Saudi Arabia,34,
Food & Drink,Switzerland,33,
Food & Drink,Greece,25,
Food & Drink,Indonesia,24,
Food & Drink,Hungary,21,
Food & Drink,Pakistan,21,
Food & Drink,Ukraine,21,
Food & Drink,Argentina,20,
Food & Drink,Malaysia,20,
Food & Drink,South Africa,20,
Food & Drink,Colombia,17,
Food & Drink,Poland,16,
Food & Drink,Thailand,16,
Food & Drink,Belgium,15,
Food & Drink,Czechia,12,
Food & Drink,Austria,11,
Food & Drink,Portugal,11,
Food & Drink,Romania,9,
Food & Drink,Chile,8,
Food & Drink,Lebanon,8,
Food & Drink,Philippines,8,
Food & Drink,Bangladesh,7,
Food & Drink,Norway,7,
Food & Drink,Bulgaria,6,
Food & Drink,Costa Rica,6,
Food & Drink,Jordan,6,
Food & Drink,Kuwait,6,
Food & Drink,Qatar,6,
Food & Drink,Cyprus,5,
Food & Drink,Estonia,5,
Food & Drink,Oman,5,
Food & Drink,San Marino,5,
Food & Drink,Slovakia,5,
Food & Drink,Tunisia,5,
Food & Drink,Armenia,4,
Food & Drink,Belarus,4,
Food & Drink,Finland,4,
Food & Drink,Guatemala,4,
Food & Drink,Kazakhstan,4,
Food & Drink,Serbia,4,
Food & Drink,Albania,3,
Food & Drink,Croatia,3,
Food & Drink,Malta,3,
Food & Drink,Nepal,3,
Food & Drink,Sri Lanka,3,
Food & Drink,Uzbekistan,3,
Food & Drink,Cambodia,2,
Food & Drink,Dominican Republic,2,
Food & Drink,Ecuador,2,
Food & Drink,Kenya,2,
Food & Drink,Laos,2,
Food & Drink,Latvia,2,
Food & Drink,Lithuania,2,
Food & Drink,Luxembourg,2,
Food & Drink,Moldova,2,
Food & Drink,Palestinian Territories,2,
Food & Drink,Venezuela,2,
Food & Drink,Angola,1,
Food & Drink,Azerbaijan,1,
Food & Drink,Bahamas,1,
Food & Drink,Bahrain,1,
Food & Drink,Bolivia,1,
Food & Drink,British Virgin Islands,1,
Food & Drink,Georgia,1,
Food & Drink,Ghana,1,
Food & Drink,Guam,1,
Food & Drink,Iraq,1,
Food & Drink,Jamaica,1,
Food & Drink,Kyrgyzstan,1,
Food & Drink,Macao,1,
Food & Drink,Mauritius,1,
Food & Drink,Monaco,1,
Food & Drink,Mongolia,1,
Food & Drink,Morocco,1,
Food & Drink,New Caledonia,1,
Food & Drink,Nigeria,1,
Food & Drink,Paraguay,1,
Food & Drink,Peru,1,
Food & Drink,Puerto Rico,1,
Food & Drink,Reunion,1,
Food & Drink,Slovenia,1,
Food & Drink,Uganda,1,
Food & Drink,Yemen,1,
Productivity,Total,7314,
Productivity,China mainland,1571,
Productivity,United States,1293,
Productivity,Italy,314,
Productivity,India,301,
Productivity,Germany,282,
Productivity,Japan,240,
Productivity,Spain,217,
Productivity,United Kingdom,210,
Productivity,Vietnam,204,
Productivity,Brazil,187,
Productivity,France,180,
Productivity,Mexico,160,
Productivity,Canada,144,
Productivity,Türkiye,107,
Productivity,South Korea,105,
Productivity,Australia,104,
Productivity,Russia,101,
Productivity,Netherlands,97,
Productivity,Taiwan,88,
Productivity,Hong Kong,84,
Productivity,Malaysia,77,
Productivity,Singapore,76,
Productivity,Colombia,69,
Productivity,Saudi Arabia,54,
Productivity,Ukraine,54,
Productivity,Pakistan,53,
Productivity,Argentina,52,
Productivity,Switzerland,47,
Productivity,Thailand,45,
Productivity,Sweden,44,
Productivity,Indonesia,39,
Productivity,Chile,37,
Productivity,Denmark,32,
Productivity,Israel,32,
Productivity,South Africa,30,
Productivity,Belgium,28,
Productivity,Austria,23,
Productivity,Czechia,22,
Productivity,Morocco,22,
Productivity,New Zealand,22,
Productivity,Norway,21,
Productivity,Romania,21,
Productivity,Ecuador,20,
Productivity,Kenya,19,
Productivity,Poland,19,
Productivity,Nepal,18,
Productivity,Peru,18,
Productivity,Moldova,17,
Productivity,United Arab Emirates,16,
Productivity,Ireland,14,
Productivity,Hungary,13,
Productivity,Portugal,13,
Productivity,Slovakia,13,
Productivity,Estonia,12,
Productivity,Philippines,12,
Productivity,Egypt,11,
Productivity,Lithuania,10,
Productivity,Guatemala,9,
Productivity,Panama,9,
Productivity,Bulgaria,8,
Productivity,Finland,8,
Productivity,Uruguay,8,
Productivity,Costa Rica,7,
Productivity,Greece,7,
Productivity,Bangladesh,6,
Productivity,Kuwait,6,
Productivity,Sri Lanka,6,
Productivity,Belarus,5,
Productivity,Latvia,5,
Productivity,Lebanon,5,
Productivity,Nigeria,5,
Productivity,Puerto Rico,5,
Productivity,Armenia,4,
Productivity,Cambodia,4,
Productivity,Croatia,4,
Productivity,El Salvador,4,
Productivity,Reunion,4,
Productivity,Serbia,4,
Productivity,Slovenia,4,
Productivity,Uganda,4,
Productivity,Albania,3,
Productivity,British Virgin Islands,3,
Productivity,Cyprus,3,
Productivity,Dominican Republic,3,
Productivity,Kazakhstan,3,
Productivity,Luxembourg,3,
Productivity,Namibia,3,
Productivity,Trinidad and Tobago,3,
Productivity,Bahrain,2,
Productivity,Faroe Islands,2,
Productivity,Honduras,2,
Productivity,Jordan,2,
Productivity,Laos,2,
Productivity,Malta,2,
Productivity,Mongolia,2,
Productivity,Myanmar,2,
Productivity,Netherlands Antilles,2,
Productivity,Paraguay,2,
Productivity,Qatar,2,
Productivity,San Marino,2,
Productivity,Tunisia,2,
Productivity,Uzbekistan,2,
Productivity,Algeria,1,
Productivity,Azerbaijan,1,
Productivity,Bosnia and Herzegovina,1,
Productivity,Cameroon,1,
Productivity,"Congo, Republic of",1,
Productivity,Cote D'Ivoire,1,
Productivity,Ethiopia,1,
Productivity,Georgia,1,
Productivity,Iceland,1,
Productivity,Iraq,1,
Productivity,Macao,1,
Productivity,Maldives,1,
Productivity,Mauritius,1,
Productivity,Oman,1,
Productivity,Palestinian Territories,1,
Productivity,Senegal,1,
Productivity,Venezuela,1,
Travel,Total,5510,
Travel,United States,803,
Travel,India,675,
Travel,United Kingdom,614,
Travel,China mainland,574,
Travel,Spain,209,
Travel,Japan,185,
Travel,Russia,182,
Travel,Italy,177,
Travel,Taiwan,129,
Travel,Germany,115,
Travel,France,114,
Travel,Canada,83,
Travel,Hong Kong,81,
Travel,Singapore,81,
Travel,Vietnam,78,
Travel,Brazil,75,
Travel,South Korea,74,
Travel,Türkiye,74,
Travel,Thailand,69,
Travel,Australia,67,
Travel,Argentina,63,
Travel,Portugal,54,
Travel,Poland,50,
Travel,Mexico,46,
Travel,Ukraine,46,
Travel,Israel,41,
Travel,Malaysia,39,
Travel,Czechia,38,
Travel,Netherlands,37,
Travel,Croatia,34,
Travel,Greece,30,
Travel,Switzerland,29,
Travel,Sweden,23,
Travel,Belgium,22,
Travel,Egypt,22,
Travel,Indonesia,22,
Travel,Saudi Arabia,21,
Travel,Colombia,20,
Travel,Hungary,17,
Travel,Pakistan,17,
Travel,United Arab Emirates,17,
Travel,Ireland,16,
Travel,Chile,15,
Travel,South Africa,14,
Travel,Ecuador,13,
Travel,Nigeria,13,
Travel,Romania,13,
Travel,Austria,12,
Travel,Slovenia,12,
Travel,Bulgaria,11,
Travel,Denmark,11,
Travel,Kazakhstan,11,
Travel,New Zealand,11,
Travel,Norway,10,
Travel,Lithuania,9,
Travel,Finland,8,
Travel,Philippines,8,
Travel,Slovakia,8,
Travel,Cyprus,7,
Travel,Estonia,7,
Travel,Lebanon,7,
Travel,Morocco,7,
Travel,Kuwait,6,
Travel,Peru,6,
Travel,Uzbekistan,6,
Travel,Cambodia,5,
Travel,Iceland,5,
Travel,Latvia,5,
Travel,Serbia,5,
Travel,Sri Lanka,5,
Travel,Armenia,4,
Travel,Bahrain,4,
Travel,Iraq,4,
Travel,Luxembourg,4,
Travel,Bangladesh,3,
Travel,British Virgin Islands,3,
Travel,Georgia,3,
Travel,Ghana,3,
Travel,Jamaica,3,
Travel,Jordan,3,
Travel,Libya,3,
Travel,Malta,3,
Travel,Oman,3,
Travel,Paraguay,3,
Travel,Rwanda,3,
Travel,Bahamas,2,
Travel,Belarus,2,
Travel,Bolivia,2,
Travel,Costa Rica,2,
Travel,Haiti,2,
Travel,Kenya,2,
Travel,Maldives,2,
Travel,Martinique,2,
Travel,Nepal,2,
Travel,North Macedonia,2,
Travel,Tanzania,2,
Travel,Venezuela,2,
Travel,Albania,1,
Travel,Angola,1,
Travel,Aruba,1,
Travel,Azerbaijan,1,
Travel,Bermuda,1,
Travel,Cape Verde,1,
Travel,Dominican Republic,1,
Travel,El Salvador,1,
Travel,Fiji,1,
Travel,Guadeloupe,1,
Travel,Jersey,1,
Travel,Kyrgyzstan,1,
Travel,Macao,1,
Travel,Mauritius,1,
Travel,Moldova,1,
Travel,Monaco,1,
Travel,Mongolia,1,
Travel,Papua New Guinea,1,
Travel,Puerto Rico,1,
Travel,Reunion,1,
Travel,San Marino,1,
Travel,Sierra Leone,1,
Travel,Suriname,1,
Travel,Tunisia,1,
Shopping,Total,5376,
Shopping,China mainland,1535,
Shopping,United Arab Emirates,680,
Shopping,United States,489,
Shopping,Brazil,238,
Shopping,India,174,
Shopping,Russia,147,
Shopping,Türkiye,141,
Shopping,Italy,137,
Shopping,South Korea,117,
Shopping,France,109,
Shopping,United Kingdom,109,
Shopping,Spain,99,
Shopping,Australia,75,
Shopping,Germany,75,
Shopping,Vietnam,75,
Shopping,Taiwan,72,
Shopping,Saudi Arabia,70,
Shopping,Canada,68,
Shopping,Malaysia,66,
Shopping,Japan,57,
Shopping,Thailand,54,
Shopping,Egypt,50,
Shopping,Mexico,50,
Shopping,Hong Kong,49,
Shopping,Singapore,40,
Shopping,Indonesia,32,
Shopping,Israel,32,
Shopping,Netherlands,31,
Shopping,Kuwait,28,
Shopping,Ukraine,28,
Shopping,Pakistan,24,
Shopping,Poland,24,
Shopping,Colombia,22,
Shopping,South Africa,21,
Shopping,Argentina,20,
Shopping,Portugal,18,
Shopping,Tunisia,16,
Shopping,Switzerland,15,
Shopping,Kenya,14,
Shopping,Finland,12,
Shopping,Norway,12,
Shopping,Denmark,11,
Shopping,Jordan,11,
Shopping,Hungary,10,
Shopping,Sweden,10,
Shopping,Austria,9,
Shopping,Bulgaria,9,
Shopping,Ireland,9,
Shopping,Cambodia,8,
Shopping,Czechia,8,
Shopping,Philippines,8,
Shopping,Romania,8,
Shopping,Belgium,7,
Shopping,Belarus,6,
Shopping,Estonia,6,
Shopping,Nigeria,6,
Shopping,Bahrain,5,
Shopping,Greece,5,
Shopping,Kazakhstan,5,
Shopping,Lebanon,5,
Shopping,Qatar,5,
Shopping,Serbia,5,
Shopping,Bangladesh,4,
Shopping,Ecuador,4,
Shopping,New Zealand,4,
Shopping,Peru,4,
Shopping,Chile,3,
Shopping,Costa Rica,3,
Shopping,Croatia,3,
Shopping,Moldova,3,
Shopping,Nepal,3,
Shopping,Oman,3,
Shopping,Palestinian Territories,3,
Shopping,Slovenia,3,
Shopping,Uganda,3,
Shopping,Uzbekistan,3,
Shopping,Albania,2,
Shopping,Bolivia,2,
Shopping,British Virgin Islands,2,
Shopping,Cyprus,2,
Shopping,Dominican Republic,2,
Shopping,Georgia,2,
Shopping,Laos,2,
Shopping,Morocco,2,
Shopping,New Caledonia,2,
Shopping,San Marino,2,
Shopping,Slovakia,2,
Shopping,Sri Lanka,2,
Shopping,Turkmenistan,2,
Shopping,Uruguay,2,
Shopping,Algeria,1,
Shopping,Barbados,1,
Shopping,Belize,1,
Shopping,Benin,1,
Shopping,Bosnia and Herzegovina,1,
Shopping,El Salvador,1,
Shopping,Ghana,1,
Shopping,Guadeloupe,1,
Shopping,Guatemala,1,
Shopping,Iraq,1,
Shopping,Jamaica,1,
Shopping,Kyrgyzstan,1,
Shopping,Latvia,1,
Shopping,Luxembourg,1,
Shopping,Macao,1,
Shopping,Malta,1,
Shopping,North Macedonia,1,
Shopping,Panama,1,
Shopping,Paraguay,1,
Shopping,Somalia,1,
Shopping,Suriname,1,
Health & Fitness,Total,5363,
Health & Fitness,United States,1409,
Health & Fitness,China mainland,878,
Health & Fitness,United Kingdom,231,
Health & Fitness,Russia,219,
Health & Fitness,Italy,215,
Health & Fitness,India,208,
Health & Fitness,Japan,175,
Health & Fitness,Brazil,137,
Health & Fitness,Germany,131,
Health & Fitness,Canada,130,
Health & Fitness,Australia,129,
Health & Fitness,South Korea,106,
Health & Fitness,Netherlands,97,
Health & Fitness,Taiwan,95,
Health & Fitness,Spain,89,
Health & Fitness,Vietnam,88,
Health & Fitness,Hong Kong,75,
Health & Fitness,France,74,
Health & Fitness,Mexico,51,
Health & Fitness,Türkiye,51,
Health & Fitness,Switzerland,39,
Health & Fitness,Thailand,37,
Health & Fitness,Singapore,36,
Health & Fitness,Pakistan,34,
Health & Fitness,Ukraine,34,
Health & Fitness,Israel,32,
Health & Fitness,Sweden,30,
Health & Fitness,Denmark,25,
Health & Fitness,New Zealand,25,
Health & Fitness,Norway,24,
Health & Fitness,Poland,23,
Health & Fitness,Malaysia,22,
Health & Fitness,Uruguay,21,
Health & Fitness,Austria,19,
Health & Fitness,Belgium,18,
Health & Fitness,Portugal,17,
Health & Fitness,United Arab Emirates,17,
Health & Fitness,Egypt,16,
Health & Fitness,Ireland,16,
Health & Fitness,Argentina,15,
Health & Fitness,Colombia,15,
Health & Fitness,Indonesia,14,
Health & Fitness,Romania,14,
Health & Fitness,Belarus,13,
Health & Fitness,Finland,13,
Health & Fitness,Saudi Arabia,13,
Health & Fitness,Greece,12,
Health & Fitness,Lebanon,12,
Health & Fitness,Estonia,11,
Health & Fitness,Slovenia,11,
Health & Fitness,Czechia,7,
Health & Fitness,Jordan,7,
Health & Fitness,Bulgaria,6,
Health & Fitness,Chile,6,
Health & Fitness,Hungary,6,
Health & Fitness,Peru,6,
Health & Fitness,Philippines,6,
Health & Fitness,Slovakia,6,
Health & Fitness,Sri Lanka,6,
Health & Fitness,Lithuania,5,
Health & Fitness,Morocco,5,
Health & Fitness,Nigeria,5,
Health & Fitness,South Africa,5,
Health & Fitness,Cyprus,4,
Health & Fitness,Kuwait,4,
Health & Fitness,Puerto Rico,4,
Health & Fitness,Tunisia,4,
Health & Fitness,Bahrain,3,
Health & Fitness,Bangladesh,3,
Health & Fitness,Croatia,3,
Health & Fitness,El Salvador,3,
Health & Fitness,Kazakhstan,3,
Health & Fitness,Kenya,3,
Health & Fitness,Malta,3,
Health & Fitness,Moldova,3,
Health & Fitness,Qatar,3,
Health & Fitness,Dominican Republic,2,
Health & Fitness,Iceland,2,
Health & Fitness,Paraguay,2,
Health & Fitness,San Marino,2,
Health & Fitness,Seychelles,2,
Health & Fitness,Venezuela,2,
Health & Fitness,Afghanistan,1,
Health & Fitness,Albania,1,
Health & Fitness,Andorra,1,
Health & Fitness,Azerbaijan,1,
Health & Fitness,British Virgin Islands,1,
Health & Fitness,Cambodia,1,
Health & Fitness,Cayman Islands,1,
Health & Fitness,Guatemala,1,
Health & Fitness,Iraq,1,
Health & Fitness,Kyrgyzstan,1,
Health & Fitness,Luxembourg,1,
Health & Fitness,Maldives,1,
Health & Fitness,Palestinian Territories,1,
Health & Fitness,Somalia,1,
Health & Fitness,Uzbekistan,1,
Health & Fitness,Zimbabwe,1,
Music,Total,4055,
Music,United States,1272,
Music,Brazil,315,
Music,Canada,280,
Music,China mainland,234,
Music,United Kingdom,207,
Music,France,180,
Music,Peru,132,
Music,Japan,123,
Music,India,114,
Music,Italy,96,
Music,Argentina,92,
Music,Spain,87,
Music,Germany,75,
Music,Russia,71,
Music,Türkiye,58,
Music,Vietnam,47,
Music,Australia,42,
Music,Netherlands,39,
Music,Israel,36,
Music,Mexico,34,
Music,Hong Kong,26,
Music,Jordan,24,
Music,Austria,23,
Music,Taiwan,22,
Music,Switzerland,20,
Music,Philippines,19,
Music,Ukraine,19,
Music,Malaysia,18,
Music,Colombia,16,
Music,Singapore,14,
Music,South Korea,14,
Music,Sweden,14,
Music,Thailand,14,
Music,Moldova,13,
Music,Uruguay,13,
Music,Indonesia,12,
Music,Pakistan,12,
Music,Poland,11,
Music,Denmark,10,
Music,Guatemala,10,
Music,New Zealand,10,
Music,Norway,10,
Music,Portugal,10,
Music,Hungary,8,
Music,Romania,8,
Music,Chile,7,
Music,Czechia,7,
Music,Greece,7,
Music,Lithuania,7,
Music,Malta,7,
Music,Morocco,6,
Music,Saudi Arabia,6,
Music,Belarus,5,
Music,Bulgaria,5,
Music,Cambodia,5,
Music,Lebanon,5,
Music,South Africa,5,
Music,United Arab Emirates,5,
Music,Bangladesh,4,
Music,Belgium,4,
Music,Jamaica,4,
Music,Egypt,3,
Music,Finland,3,
Music,Kuwait,3,
Music,Latvia,3,
Music,Serbia,3,
Music,Seychelles,3,
Music,Azerbaijan,2,
Music,Costa Rica,2,
Music,Honduras,2,
Music,Iraq,2,
Music,Ireland,2,
Music,Paraguay,2,
Music,Puerto Rico,2,
Music,Samoa,2,
Music,San Marino,2,
Music,Slovakia,2,
Music,Venezuela,2,
Music,Algeria,1,
Music,Barbados,1,
Music,Bolivia,1,
Music,Bosnia and Herzegovina,1,
Music,Croatia,1,
Music,Cyprus,1,
Music,Dominican Republic,1,
Music,El Salvador,1,
Music,Georgia,1,
Music,Haiti,1,
Music,Kazakhstan,1,
Music,Kenya,1,
Music,Myanmar,1,
Music,Namibia,1,
Music,Palestinian Territories,1,
Music,Panama,1,
Music,Qatar,1,
Music,Saint Kitts and Nevis,1,
Music,Sri Lanka,1,
Music,Tanzania,1,
Music,Trinidad and Tobago,1,
Music,Tunisia,1,
Social Networking,Total,4003,
Social Networking,China mainland,1170,
Social Networking,United States,753,
Social Networking,India,227,
Social Networking,South Korea,145,
Social Networking,United Kingdom,125,
Social Networking,Japan,119,
Social Networking,France,100,
Social Networking,Hong Kong,87,
Social Networking,Russia,74,
Social Networking,Türkiye,73,
Social Networking,Singapore,68,
Social Networking,Canada,62,
Social Networking,Vietnam,62,
Social Networking,Germany,61,
Social Networking,Brazil,58,
Social Networking,Taiwan,52,
Social Networking,Israel,49,
Social Networking,Netherlands,45,
Social Networking,Italy,36,
Social Networking,Australia,35,
Social Networking,Spain,34,
Social Networking,Bangladesh,31,
Social Networking,Thailand,29,
Social Networking,Saudi Arabia,26,
Social Networking,Ukraine,23,
Social Networking,Mexico,22,
Social Networking,Switzerland,21,
Social Networking,Egypt,19,
Social Networking,Pakistan,19,
Social Networking,Philippines,19,
Social Networking,United Arab Emirates,19,
Social Networking,Lebanon,16,
Social Networking,Indonesia,15,
Social Networking,Sweden,15,
Social Networking,Malaysia,14,
Social Networking,South Africa,14,
Social Networking,Argentina,12,
Social Networking,Denmark,12,
Social Networking,Ireland,12,
Social Networking,Norway,11,
Social Networking,Poland,11,
Social Networking,Romania,11,
Social Networking,Belgium,10,
Social Networking,Colombia,10,
Social Networking,Cyprus,8,
Social Networking,Estonia,8,
Social Networking,Kuwait,8,
Social Networking,Slovenia,8,
Social Networking,Greece,7,
Social Networking,Hungary,7,
Social Networking,Kazakhstan,7,
Social Networking,New Zealand,6,
Social Networking,Portugal,6,
Social Networking,Sri Lanka,6,
Social Networking,Bulgaria,5,
Social Networking,Chile,5,
Social Networking,Czechia,5,
Social Networking,Serbia,5,
Social Networking,Austria,4,
Social Networking,Croatia,4,
Social Networking,Finland,4,
Social Networking,Morocco,4,
Social Networking,Slovakia,4,
Social Networking,Uruguay,4,
Social Networking,Belarus,3,
Social Networking,Cambodia,3,
Social Networking,Iraq,3,
Social Networking,Mongolia,3,
Social Networking,Puerto Rico,3,
Social Networking,Bolivia,2,
Social Networking,Dominican Republic,2,
Social Networking,Ecuador,2,
Social Networking,Georgia,2,
Social Networking,Gibraltar,2,
Social Networking,Jordan,2,
Social Networking,Malta,2,
Social Networking,Moldova,2,
Social Networking,Nigeria,2,
Social Networking,Palestinian Territories,2,
Social Networking,Qatar,2,
Social Networking,Albania,1,
Social Networking,Armenia,1,
Social Networking,Bahrain,1,
Social Networking,Barbados,1,
Social Networking,Belize,1,
Social Networking,Bermuda,1,
Social Networking,British Virgin Islands,1,
Social Networking,Brunei,1,
Social Networking,Cayman Islands,1,
Social Networking,Costa Rica,1,
Social Networking,El Salvador,1,
Social Networking,Guatemala,1,
Social Networking,Kenya,1,
Social Networking,Laos,1,
Social Networking,Latvia,1,
Social Networking,Liechtenstein,1,
Social Networking,Lithuania,1,
Social Networking,Luxembourg,1,
Social Networking,Maldives,1,
Social Networking,North Macedonia,1,
Social Networking,Panama,1,
Social Networking,Peru,1,
Social Networking,Samoa,1,
Social Networking,Seychelles,1,
Social Networking,Venezuela,1,
Photo & Video,Total,3585,
Photo & Video,India,757,
Photo & Video,China mainland,682,
Photo & Video,United States,555,
Photo & Video,Japan,171,
Photo & Video,United Kingdom,109,
Photo & Video,Vietnam,85,
Photo & Video,Russia,73,
Photo & Video,Canada,65,
Photo & Video,Thailand,63,
Photo & Video,Türkiye,63,
Photo & Video,Germany,59,
Photo & Video,Hong Kong,54,
Photo & Video,Pakistan,51,
Photo & Video,Taiwan,50,
Photo & Video,Italy,49,
Photo & Video,Spain,45,
Photo & Video,South Korea,44,
Photo & Video,Brazil,42,
Photo & Video,Bangladesh,38,
Photo & Video,France,37,
Photo & Video,Israel,35,
Photo & Video,Australia,34,
Photo & Video,Netherlands,31,
Photo & Video,Malaysia,29,
Photo & Video,Morocco,26,
Photo & Video,Ukraine,24,
Photo & Video,Singapore,19,
Photo & Video,Finland,17,
Photo & Video,United Arab Emirates,17,
Photo & Video,Mexico,16,
Photo & Video,Poland,13,
Photo & Video,Egypt,12,
Photo & Video,Austria,10,
Photo & Video,Jordan,10,
Photo & Video,New Zealand,9,
Photo & Video,Philippines,9,
Photo & Video,Portugal,9,
Photo & Video,Serbia,9,
Photo & Video,Sweden,9,
Photo & Video,Switzerland,9,
Photo & Video,Saudi Arabia,8,
Photo & Video,Cyprus,7,
Photo & Video,Hungary,7,
Photo & Video,Lebanon,7,
Photo & Video,Czechia,6,
Photo & Video,Denmark,6,
Photo & Video,Lithuania,6,
Photo & Video,Belarus,5,
Photo & Video,Estonia,5,
Photo & Video,Indonesia,5,
Photo & Video,Slovakia,5,
Photo & Video,Armenia,4,
Photo & Video,Belgium,4,
Photo & Video,Bulgaria,4,
Photo & Video,Ireland,4,
Photo & Video,Luxembourg,4,
Photo & Video,Moldova,4,
Photo & Video,Qatar,4,
Photo & Video,Romania,4,
Photo & Video,Argentina,3,
Photo & Video,Greece,3,
Photo & Video,South Africa,3,
Photo & Video,Colombia,2,
Photo & Video,Georgia,2,
Photo & Video,Kazakhstan,2,
Photo & Video,Norway,2,
Photo & Video,Peru,2,
Photo & Video,Puerto Rico,2,
Photo & Video,Slovenia,2,
Photo & Video,Uruguay,2,
Photo & Video,Bahrain,1,
Photo & Video,Belize,1,
Photo & Video,British Virgin Islands,1,
Photo & Video,Chile,1,
Photo & Video,Costa Rica,1,
Photo & Video,Croatia,1,
Photo & Video,Ecuador,1,
Photo & Video,Ghana,1,
Photo & Video,Iceland,1,
Photo & Video,Kenya,1,
Photo & Video,Kuwait,1,
Photo & Video,Kyrgyzstan,1,
Photo & Video,Latvia,1,
Photo & Video,Macao,1,
Photo & Video,Maldives,1,
Photo & Video,Malta,1,
Photo & Video,Nepal,1,
Photo & Video,Nicaragua,1,
Photo & Video,North Macedonia,1,
Photo & Video,Tunisia,1,
Photo & Video,Venezuela,1,
Photo & Video,Yemen,1,
Medical,Total,3364,
Medical,China mainland,837,
Medical,United States,737,
Medical,Germany,139,
Medical,India,115,
Medical,Japan,115,
Medical,United Kingdom,105,
Medical,France,96,
Medical,Brazil,95,
Medical,Spain,90,
Medical,Italy,89,
Medical,Australia,85,
Medical,Canada,67,
Medical,Russia,48,
Medical,Portugal,47,
Medical,Netherlands,45,
Medical,South Korea,38,
Medical,Taiwan,34,
Medical,Mexico,33,
Medical,Türkiye,31,
Medical,Switzerland,30,
Medical,Thailand,30,
Medical,Argentina,23,
Medical,Belgium,23,
Medical,Poland,20,
Medical,Egypt,19,
Medical,Hong Kong,19,
Medical,Colombia,18,
Medical,Tunisia,15,
Medical,United Arab Emirates,15,
Medical,Saudi Arabia,14,
Medical,Singapore,14,
Medical,Vietnam,14,
Medical,Chile,13,
Medical,Denmark,13,
Medical,Pakistan,13,
Medical,Qatar,13,
Medical,Romania,12,
Medical,Ireland,11,
Medical,Kuwait,10,
Medical,Austria,9,
Medical,Hungary,9,
Medical,Philippines,9,
Medical,Sweden,9,
Medical,Israel,8,
Medical,New Zealand,8,
Medical,Greece,7,
Medical,Indonesia,7,
Medical,Puerto Rico,7,
Medical,Armenia,6,
Medical,Lebanon,6,
Medical,Morocco,6,
Medical,Peru,6,
Medical,Ukraine,6,
Medical,South Africa,5,
Medical,Czechia,4,
Medical,Malaysia,4,
Medical,Serbia,4,
Medical,Albania,3,
Medical,Bulgaria,3,
Medical,Guatemala,3,
Medical,Iraq,3,
Medical,Kazakhstan,3,
Medical,Norway,3,
Medical,Seychelles,3,
Medical,Slovakia,3,
Medical,Venezuela,3,
Medical,Bolivia,2,
Medical,Ecuador,2,
Medical,Finland,2,
Medical,Jordan,2,
Medical,Mongolia,2,
Medical,Nepal,2,
Medical,Palestinian Territories,2,
Medical,Paraguay,2,
Medical,Slovenia,2,
Medical,Bahamas,1,
Medical,Bangladesh,1,
Medical,Bhutan,1,
Medical,Bosnia and Herzegovina,1,
Medical,British Virgin Islands,1,
Medical,"Congo, Democratic Republic of",1,
Medical,Costa Rica,1,
Medical,Croatia,1,
Medical,El Salvador,1,
Medical,Estonia,1,
Medical,Honduras,1,
Medical,Malta,1,
Medical,Panama,1,
Medical,Sri Lanka,1,
Reference,Total,3313,
Reference,China mainland,1001,
Reference,United States,701,
Reference,United Kingdom,130,
Reference,Russia,100,
Reference,Vietnam,84,
Reference,India,81,
Reference,Canada,70,
Reference,Japan,67,
Reference,Germany,59,
Reference,Italy,59,
Reference,Spain,52,
Reference,Türkiye,51,
Reference,Australia,50,
Reference,Hong Kong,48,
Reference,Pakistan,43,
Reference,Azerbaijan,39,
Reference,Israel,31,
Reference,South Korea,31,
Reference,Indonesia,30,
Reference,Egypt,29,
Reference,Netherlands,26,
Reference,France,25,
Reference,Malaysia,25,
Reference,Mexico,24,
Reference,New Zealand,23,
Reference,Singapore,23,
Reference,Taiwan,23,
Reference,Bulgaria,20,
Reference,Thailand,20,
Reference,Brazil,19,
Reference,Kenya,18,
Reference,Saudi Arabia,17,
Reference,Ukraine,17,
Reference,United Arab Emirates,16,
Reference,South Africa,15,
Reference,Switzerland,15,
Reference,Hungary,12,
Reference,Kuwait,11,
Reference,Argentina,10,
Reference,Greece,10,
Reference,Sweden,10,
Reference,Czechia,9,
Reference,Denmark,9,
Reference,Ireland,9,
Reference,Lebanon,9,
Reference,Poland,8,
Reference,Kazakhstan,7,
Reference,Austria,6,
Reference,Belgium,6,
Reference,Chile,6,
Reference,Colombia,6,
Reference,Malta,6,
Reference,Moldova,6,
Reference,Norway,6,
Reference,Morocco,5,
Reference,Nepal,5,
Reference,Venezuela,5,
Reference,Belarus,4,
Reference,Finland,4,
Reference,Jordan,4,
Reference,Portugal,4,
Reference,Ecuador,3,
Reference,Guatemala,3,
Reference,Latvia,3,
Reference,Oman,3,
Reference,Peru,3,
Reference,Bangladesh,2,
Reference,Bolivia,2,
Reference,Costa Rica,2,
Reference,Croatia,2,
Reference,Estonia,2,
Reference,Mongolia,2,
Reference,Philippines,2,
Reference,Tunisia,2,
Reference,Uganda,2,
Reference,Uruguay,2,
Reference,Andorra,1,
Reference,Dominican Republic,1,
Reference,Faroe Islands,1,
Reference,Iceland,1,
Reference,Iraq,1,
Reference,Laos,1,
Reference,Maldives,1,
Reference,Mauritius,1,
Reference,Myanmar,1,
Reference,Nigeria,1,
Reference,Panama,1,
Reference,Romania,1,
Reference,San Marino,1,
Reference,Serbia,1,
Reference,Slovakia,1,
Reference,Slovenia,1,
Reference,Sri Lanka,1,
Reference,Trinidad and Tobago,1,
Reference,United States Minor Outlying Islands,1,
Sports,Total,3165,
Sports,United States,889,
Sports,China mainland,292,
Sports,United Kingdom,267,
Sports,Italy,146,
Sports,Japan,119,
Sports,Germany,107,
Sports,India,99,
Sports,Spain,99,
Sports,France,91,
Sports,Australia,87,
Sports,Canada,68,
Sports,Russia,62,
Sports,Ukraine,51,
Sports,New Zealand,48,
Sports,Thailand,46,
Sports,Netherlands,45,
Sports,Argentina,43,
Sports,Brazil,33,
Sports,Hong Kong,30,
Sports,South Korea,26,
Sports,Türkiye,26,
Sports,Mexico,25,
Sports,Israel,23,
Sports,Vietnam,22,
Sports,Taiwan,20,
Sports,Belgium,19,
Sports,Sweden,19,
Sports,Switzerland,19,
Sports,Denmark,16,
Sports,Austria,15,
Sports,Finland,15,
Sports,Ireland,14,
Sports,Poland,14,
Sports,Pakistan,12,
Sports,Portugal,12,
Sports,Singapore,12,
Sports,Slovakia,12,
Sports,Bangladesh,10,
Sports,Kenya,10,
Sports,Malaysia,10,
Sports,Saudi Arabia,10,
Sports,Greece,9,
Sports,Hungary,9,
Sports,Norway,9,
Sports,Colombia,8,
Sports,Czechia,8,
Sports,Lebanon,8,
Sports,South Africa,8,
Sports,United Arab Emirates,8,
Sports,Egypt,7,
Sports,Croatia,6,
Sports,Indonesia,6,
Sports,Jordan,6,
Sports,Romania,6,
Sports,Bulgaria,4,
Sports,Chile,4,
Sports,Estonia,4,
Sports,Kazakhstan,4,
Sports,Philippines,4,
Sports,Serbia,4,
Sports,Uruguay,4,
Sports,Cyprus,3,
Sports,Kuwait,3,
Sports,Morocco,3,
Sports,Paraguay,3,
Sports,Puerto Rico,3,
Sports,Tunisia,3,
Sports,Belarus,2,
Sports,Bolivia,2,
Sports,Cambodia,2,
Sports,Dominican Republic,2,
Sports,Guatemala,2,
Sports,Kyrgyzstan,2,
Sports,North Macedonia,2,
Sports,Oman,2,
Sports,Panama,2,
Sports,Sri Lanka,2,
Sports,Aruba,1,
Sports,Azerbaijan,1,
Sports,Bahrain,1,
Sports,Belize,1,
Sports,Costa Rica,1,
Sports,Georgia,1,
Sports,Greenland,1,
Sports,Iceland,1,
Sports,Latvia,1,
Sports,Malta,1,
Sports,Nepal,1,
Sports,Netherlands Antilles,1,
Sports,Nigeria,1,
Sports,Peru,1,
Sports,Slovenia,1,
Sports,Uganda,1,
Sports,Uzbekistan,1,
Sports,Venezuela,1,
Stickers,Total,2998,
Stickers,United States,1050,
Stickers,Japan,275,
Stickers,Vietnam,260,
Stickers,China mainland,125,
Stickers,Bangladesh,113,
Stickers,Netherlands,111,
Stickers,Morocco,108,
Stickers,Russia,94,
Stickers,United Kingdom,81,
Stickers,India,78,
Stickers,Canada,77,
Stickers,South Korea,71,
Stickers,Thailand,65,
Stickers,Germany,62,
Stickers,Mexico,61,
Stickers,France,38,
Stickers,Australia,29,
Stickers,Taiwan,25,
Stickers,Malaysia,24,
Stickers,Poland,24,
Stickers,Italy,18,
Stickers,Ukraine,18,
Stickers,Spain,15,
Stickers,Austria,14,
Stickers,Sweden,14,
Stickers,Romania,13,
Stickers,Switzerland,13,
Stickers,Türkiye,11,
Stickers,Pakistan,10,
Stickers,Belarus,8,
Stickers,Philippines,8,
Stickers,Portugal,7,
Stickers,Belgium,6,
Stickers,New Zealand,6,
Stickers,Singapore,6,
Stickers,Hong Kong,4,
Stickers,Norway,4,
Stickers,Sri Lanka,4,
Stickers,United Arab Emirates,4,
Stickers,Colombia,3,
Stickers,Denmark,3,
Stickers,Finland,3,
Stickers,Kazakhstan,3,
Stickers,Brazil,2,
Stickers,Czechia,2,
Stickers,El Salvador,2,
Stickers,Greece,2,
Stickers,Hungary,2,
Stickers,Indonesia,2,
Stickers,Ireland,2,
Stickers,Israel,2,
Stickers,Saudi Arabia,2,
Stickers,Argentina,1,
Stickers,Armenia,1,
Stickers,Bolivia,1,
Stickers,Bulgaria,1,
Stickers,Egypt,1,
Stickers,Estonia,1,
Stickers,Guatemala,1,
Stickers,Iraq,1,
Stickers,Lithuania,1,
Stickers,Nigeria,1,
Stickers,Slovakia,1,
Stickers,Slovenia,1,
Stickers,South Africa,1,
Stickers,Uruguay,1,
Finance,Total,2985,
Finance,China mainland,553,
Finance,United States,540,
Finance,Russia,173,
Finance,India,149,
Finance,United Kingdom,127,
Finance,Brazil,90,
Finance,Hong Kong,86,
Finance,Germany,77,
Finance,Mexico,66,
Finance,South Korea,66,
Finance,Japan,55,
Finance,Canada,54,
Finance,Indonesia,49,
Finance,Australia,47,
Finance,Thailand,47,
Finance,Israel,45,
Finance,Türkiye,41,
Finance,Vietnam,41,
Finance,France,37,
Finance,Italy,36,
Finance,Spain,34,
Finance,Netherlands,32,
Finance,Singapore,31,
Finance,Ukraine,28,
Finance,Costa Rica,27,
Finance,Philippines,25,
Finance,United Arab Emirates,23,
Finance,Switzerland,21,
Finance,Taiwan,20,
Finance,Argentina,18,
Finance,Ireland,18,
Finance,Malaysia,18,
Finance,South Africa,18,
Finance,Kazakhstan,15,
Finance,New Zealand,12,
Finance,Nigeria,12,
Finance,Austria,10,
Finance,Estonia,10,
Finance,Belarus,9,
Finance,Czechia,9,
Finance,Saudi Arabia,9,
Finance,Belgium,8,
Finance,Pakistan,8,
Finance,Colombia,7,
Finance,Sweden,7,
Finance,Azerbaijan,6,
Finance,Chile,6,
Finance,Lebanon,6,
Finance,Croatia,5,
Finance,Hungary,5,
Finance,Kenya,5,
Finance,Morocco,5,
Finance,Poland,5,
Finance,Portugal,5,
Finance,Slovakia,5,
Finance,Tunisia,5,
Finance,Bulgaria,4,
Finance,Cambodia,4,
Finance,Egypt,4,
Finance,Greece,4,
Finance,Guatemala,4,
Finance,Latvia,4,
Finance,Myanmar,4,
Finance,Norway,4,
Finance,Romania,4,
Finance,Saint Vincent and the Grenadines,4,
Finance,Serbia,4,
Finance,Georgia,3,
Finance,Kyrgyzstan,3,
Finance,Lithuania,3,
Finance,Mongolia,3,
Finance,Panama,3,
Finance,Slovenia,3,
Finance,Sri Lanka,3,
Finance,Bahamas,2,
Finance,Bahrain,2,
Finance,Bangladesh,2,
Finance,Bolivia,2,
Finance,British Virgin Islands,2,
Finance,Denmark,2,
Finance,El Salvador,2,
Finance,Iraq,2,
Finance,North Macedonia,2,
Finance,Paraguay,2,
Finance,Puerto Rico,2,
Finance,Qatar,2,
Finance,Uzbekistan,2,
Finance,Albania,1,
Finance,Angola,1,
Finance,Anguilla,1,
Finance,Benin,1,
Finance,Burkina Faso,1,
Finance,Cyprus,1,
Finance,Djibouti,1,
Finance,Ecuador,1,
Finance,Guadeloupe,1,
Finance,Iceland,1,
Finance,Jordan,1,
Finance,Kuwait,1,
Finance,Maldives,1,
Finance,Mauritania,1,
Finance,Moldova,1,
Finance,Monaco,1,
Finance,Montenegro,1,
Finance,Namibia,1,
Finance,Nepal,1,
Finance,Netherlands Antilles,1,
Finance,Nicaragua,1,
Finance,Oman,1,
Finance,Peru,1,
Finance,Tajikistan,1,
Finance,Togo,1,
Finance,Trinidad and Tobago,1,
Finance,Uruguay,1,
Finance,Venezuela,1,
News,Total,2779,
News,China mainland,552,
News,United States,363,
News,Japan,256,
News,Italy,140,
News,Spain,126,
News,France,118,
News,Türkiye,97,
News,India,95,
News,Brazil,81,
News,United Kingdom,77,
News,Russia,55,
News,Germany,52,
News,Ukraine,46,
News,Mexico,40,
News,Netherlands,36,
News,Canada,31,
News,South Korea,24,
News,Egypt,23,
News,Taiwan,23,
News,Vietnam,23,
News,Argentina,22,
News,Israel,20,
News,Lebanon,19,
News,Hong Kong,18,
News,Poland,18,
News,Thailand,18,
News,Portugal,17,
News,Saudi Arabia,17,
News,Morocco,15,
News,Nepal,15,
News,Switzerland,15,
News,Greece,14,
News,Indonesia,14,
News,Singapore,14,
News,Sweden,12,
News,Malaysia,11,
News,New Zealand,11,
News,United Arab Emirates,11,
News,Kuwait,9,
News,Romania,9,
News,Austria,8,
News,Cambodia,8,
News,Philippines,8,
News,Iraq,7,
News,Pakistan,7,
News,Palestinian Territories,7,
News,Tunisia,7,
News,Albania,6,
News,Australia,6,
News,Czechia,6,
News,Slovakia,6,
News,Belgium,5,
News,Colombia,5,
News,Finland,5,
News,Hungary,5,
News,Kazakhstan,5,
News,Malta,5,
News,Bulgaria,4,
News,Chile,4,
News,Denmark,4,
News,Guatemala,4,
News,Jordan,4,
News,Luxembourg,4,
News,Mongolia,4,
News,Nigeria,4,
News,Qatar,4,
News,San Marino,4,
News,Serbia,4,
News,Azerbaijan,3,
News,Croatia,3,
News,Ireland,3,
News,Norway,3,
News,South Africa,3,
News,Uzbekistan,3,
News,Afghanistan,2,
News,Bahamas,2,
News,Bolivia,2,
News,Bosnia and Herzegovina,2,
News,Brunei,2,
News,Cyprus,2,
News,Ecuador,2,
News,Estonia,2,
News,Georgia,2,
News,Macao,2,
News,Moldova,2,
News,Oman,2,
News,Puerto Rico,2,
News,Sri Lanka,2,
News,Uruguay,2,
News,Algeria,1,
News,Aruba,1,
News,Bahrain,1,
News,Bangladesh,1,
News,Belize,1,
News,British Virgin Islands,1,
News,Costa Rica,1,
News,Dominican Republic,1,
News,El Salvador,1,
News,Honduras,1,
News,Isle of Man,1,
News,Kenya,1,
News,Kyrgyzstan,1,
News,Laos,1,
News,Lithuania,1,
News,Mali,1,
News,Mauritania,1,
News,North Macedonia,1,
News,Panama,1,
News,Paraguay,1,
News,Peru,1,
News,Reunion,1,
News,Saint Kitts and Nevis,1,
News,Senegal,1,
Book,Total,2211,
Book,China mainland,686,
Book,United States,269,
Book,India,102,
Book,South Korea,83,
Book,Japan,73,
Book,Russia,63,
Book,Thailand,62,
Book,Vietnam,59,
Book,Germany,52,
Book,Spain,44,
Book,Taiwan,44,
Book,Hong Kong,43,
Book,United Kingdom,42,
Book,Canada,38,
Book,Italy,32,
Book,France,31,
Book,Brazil,28,
Book,Türkiye,26,
Book,Egypt,25,
Book,Singapore,21,
Book,Indonesia,19,
Book,Saudi Arabia,19,
Book,United Arab Emirates,18,
Book,Pakistan,16,
Book,Australia,15,
Book,Kuwait,15,
Book,Israel,14,
Book,Morocco,14,
Book,Poland,13,
Book,Tunisia,13,
Book,Lebanon,12,
Book,Malaysia,12,
Book,Switzerland,12,
Book,Bulgaria,11,
Book,Mexico,10,
Book,Portugal,10,
Book,Argentina,9,
Book,Netherlands,9,
Book,Lithuania,8,
Book,New Zealand,8,
Book,North Macedonia,8,
Book,Cambodia,7,
Book,Jordan,7,
Book,Myanmar,7,
Book,Norway,7,
Book,Colombia,6,
Book,Cyprus,6,
Book,Ukraine,6,
Book,Chile,5,
Book,Czechia,5,
Book,Greece,4,
Book,Latvia,4,
Book,Sweden,4,
Book,Denmark,3,
Book,Finland,3,
Book,Hungary,3,
Book,Qatar,3,
Book,Romania,3,
Book,South Africa,3,
Book,Austria,2,
Book,Bangladesh,2,
Book,Belarus,2,
Book,El Salvador,2,
Book,Estonia,2,
Book,Ireland,2,
Book,Nigeria,2,
Book,Philippines,2,
Book,Slovakia,2,
Book,Albania,1,
Book,Armenia,1,
Book,Azerbaijan,1,
Book,Costa Rica,1,
Book,Ecuador,1,
Book,Greenland,1,
Book,Guatemala,1,
Book,Iraq,1,
Book,Kazakhstan,1,
Book,Macao,1,
Book,Mongolia,1,
Book,Oman,1,
Book,Panama,1,
Book,Serbia,1,
Book,Slovenia,1,
Book,Tajikistan,1,
Book,Uruguay,1,
Book,Venezuela,1,
Book,Yemen,1,
Navigation,Total,1615,
Navigation,China mainland,457,
Navigation,United States,203,
Navigation,India,85,
Navigation,Brazil,77,
Navigation,Japan,73,
Navigation,United Kingdom,63,
Navigation,Türkiye,46,
Navigation,Canada,44,
Navigation,France,31,
Navigation,Russia,29,
Navigation,Mexico,27,
Navigation,Germany,25,
Navigation,South Korea,25,
Navigation,Argentina,24,
Navigation,Australia,24,
Navigation,Spain,23,
Navigation,Italy,21,
Navigation,Vietnam,21,
Navigation,Taiwan,20,
Navigation,Thailand,19,
Navigation,Netherlands,15,
Navigation,Hong Kong,13,
Navigation,Saudi Arabia,13,
Navigation,Malaysia,12,
Navigation,Chile,11,
Navigation,Switzerland,10,
Navigation,Pakistan,9,
Navigation,Singapore,9,
Navigation,Sweden,9,
Navigation,United Arab Emirates,9,
Navigation,Egypt,8,
Navigation,Israel,8,
Navigation,Ukraine,8,
Navigation,Czechia,7,
Navigation,Indonesia,7,
Navigation,Poland,7,
Navigation,Romania,7,
Navigation,Guatemala,6,
Navigation,Slovakia,6,
Navigation,Croatia,5,
Navigation,Denmark,5,
Navigation,Latvia,5,
Navigation,Philippines,5,
Navigation,Morocco,4,
Navigation,Peru,4,
Navigation,Austria,3,
Navigation,Belarus,3,
Navigation,Belgium,3,
Navigation,Greece,3,
Navigation,Hungary,3,
Navigation,Ireland,3,
Navigation,Kazakhstan,3,
Navigation,Kyrgyzstan,3,
Navigation,Malta,3,
Navigation,New Zealand,3,
Navigation,Norway,3,
Navigation,Azerbaijan,2,
Navigation,Bolivia,2,
Navigation,British Virgin Islands,2,
Navigation,Bulgaria,2,
Navigation,Colombia,2,
Navigation,Costa Rica,2,
Navigation,Ecuador,2,
Navigation,Finland,2,
Navigation,Nigeria,2,
Navigation,Panama,2,
Navigation,Portugal,2,
Navigation,Uruguay,2,
Navigation,Albania,1,
Navigation,Algeria,1,
Navigation,Andorra,1,
Navigation,Armenia,1,
Navigation,Bosnia and Herzegovina,1,
Navigation,Cyprus,1,
Navigation,Honduras,1,
Navigation,Iraq,1,
Navigation,Kenya,1,
Navigation,Kuwait,1,
Navigation,Luxembourg,1,
Navigation,Mongolia,1,
Navigation,Palestinian Territories,1,
Navigation,Paraguay,1,
Navigation,Puerto Rico,1,
Navigation,Seychelles,1,
Navigation,Slovenia,1,
Navigation,South Africa,1,
Navigation,Tunisia,1,
Weather,Total,431,
Weather,China mainland,129,
Weather,United States,78,
Weather,Vietnam,17,
Weather,India,15,
Weather,United Kingdom,15,
Weather,France,14,
Weather,Japan,13,
Weather,Taiwan,13,
Weather,Australia,10,
Weather,Canada,10,
Weather,South Korea,8,
Weather,Spain,7,
Weather,Brazil,6,
Weather,Italy,6,
Weather,Netherlands,6,
Weather,Thailand,6,
Weather,Austria,5,
Weather,Germany,5,
Weather,Hong Kong,5,
Weather,Poland,5,
Weather,Sweden,5,
Weather,Türkiye,5,
Weather,Norway,4,
Weather,Russia,4,
Weather,Czechia,3,
Weather,Iceland,3,
Weather,Israel,3,
Weather,Ukraine,3,
Weather,Armenia,2,
Weather,Greece,2,
Weather,Mexico,2,
Weather,Philippines,2,
Weather,Switzerland,2,
Weather,Uzbekistan,2,
Weather,Belarus,1,
Weather,Bulgaria,1,
Weather,Chile,1,
Weather,Croatia,1,
Weather,Finland,1,
Weather,Georgia,1,
Weather,Ireland,1,
Weather,Jamaica,1,
Weather,Lebanon,1,
Weather,Luxembourg,1,
Weather,Morocco,1,
Weather,New Zealand,1,
Weather,Pakistan,1,
Weather,Saudi Arabia,1,
Weather,Singapore,1,
Weather,United Arab Emirates,1,
Graphics & Design,Total,274,
Graphics & Design,China mainland,79,
Graphics & Design,Morocco,43,
Graphics & Design,United States,28,
Graphics & Design,Vietnam,19,
Graphics & Design,United Kingdom,14,
Graphics & Design,Ukraine,10,
Graphics & Design,Brazil,8,
Graphics & Design,Türkiye,7,
Graphics & Design,Hong Kong,6,
Graphics & Design,Italy,6,
Graphics & Design,Pakistan,6,
Graphics & Design,Russia,6,
Graphics & Design,Germany,5,
Graphics & Design,India,5,
Graphics & Design,Bangladesh,3,
Graphics & Design,Finland,3,
Graphics & Design,France,3,
Graphics & Design,Poland,3,
Graphics & Design,Bulgaria,2,
Graphics & Design,Japan,2,
Graphics & Design,Malaysia,2,
Graphics & Design,Sweden,2,
Graphics & Design,Thailand,2,
Graphics & Design,Bahrain,1,
Graphics & Design,Canada,1,
Graphics & Design,Egypt,1,
Graphics & Design,Kenya,1,
Graphics & Design,Kuwait,1,
Graphics & Design,Lithuania,1,
Graphics & Design,Macao,1,
Graphics & Design,Netherlands,1,
Graphics & Design,Romania,1,
Graphics & Design,Uzbekistan,1,
Magazines & Newspapers,Total,131,
Magazines & Newspapers,United States,61,
Magazines & Newspapers,United Kingdom,18,
Magazines & Newspapers,China mainland,7,
Magazines & Newspapers,Germany,6,
Magazines & Newspapers,Poland,6,
Magazines & Newspapers,India,3,
Magazines & Newspapers,Latvia,3,
Magazines & Newspapers,Russia,3,
Magazines & Newspapers,Vietnam,3,
Magazines & Newspapers,Australia,2,
Magazines & Newspapers,Brazil,2,
Magazines & Newspapers,Japan,2,
Magazines & Newspapers,New Zealand,2,
Magazines & Newspapers,Spain,2,
Magazines & Newspapers,Bolivia,1,
Magazines & Newspapers,Canada,1,
Magazines & Newspapers,France,1,
Magazines & Newspapers,Italy,1,
Magazines & Newspapers,Mexico,1,
Magazines & Newspapers,Pakistan,1,
Magazines & Newspapers,Portugal,1,
Magazines & Newspapers,Sweden,1,
Magazines & Newspapers,Türkiye,1,
Magazines & Newspapers,United Arab Emirates,1,
Magazines & Newspapers,Uzbekistan,1,
Developer Tools,Total,94,
Developer Tools,China mainland,30,
Developer Tools,United States,15,
Developer Tools,Spain,6,
Developer Tools,India,5,
Developer Tools,United Kingdom,5,
Developer Tools,Hong Kong,4,
Developer Tools,Germany,3,
Developer Tools,Ukraine,3,
Developer Tools,Australia,2,
Developer Tools,Denmark,2,
Developer Tools,Greece,2,
Developer Tools,Italy,2,
Developer Tools,Slovakia,2,
Developer Tools,South Korea,2,
Developer Tools,Taiwan,2,
Developer Tools,Vietnam,2,
Developer Tools,Austria,1,
Developer Tools,France,1,
Developer Tools,Japan,1,
Developer Tools,Russia,1,
Developer Tools,Singapore,1,
Developer Tools,Türkiye,1,
Developer Tools,United Arab Emirates,1,