﻿"Restorations After Appeals of App Removals by Country/Region	",,Note: Country/Region denotes the origin of the developer of the removed app.
Country/Region,Restorations,
China mainland,169,
United States,129,
United Kingdom,36,
India,24,
Türkiye,14,
Germany,13,
France,13,
Canada,12,
Hong Kong,12,
Brazil,11,
Vietnam,11,
Taiwan,10,
Spain,9,
Saudi Arabia,7,
Netherlands,7,
Russia,7,
South Korea,6,
Italy,6,
United Arab Emirates,6,
Indonesia,5,
Singapore,5,
Portugal,5,
Switzerland,5,
Thailand,5,
Ukraine,5,
South Africa,5,
Argentina,4,
Japan,4,
Mexico,4,
Israel,3,
Dominican Republic,3,
Romania,3,
Pakistan,3,
Australia,3,
Egypt,3,
Poland,3,
Mongolia,3,
Lebanon,2,
Austria,2,
Estonia,2,
New Zealand,2,
Colombia,2,
Nigeria,2,
Lithuania,2,
Morocco,2,
Sweden,2,
Norway,1,
North Macedonia,1,
Malaysia,1,
Slovenia,1,
Gibraltar,1,
Ghana,1,
Belize,1,
Chile,1,
Cayman Islands,1,
El Salvador,1,
Slovakia,1,
Zimbabwe,1,
Bulgaria,1,
Kenya,1,
Jordan,1,
Belgium,1,
Georgia,1,
Senegal,1,
Greece,1,
Serbia,1,
Denmark,1,
Cyprus,1,
Belarus,1,
Afghanistan,1,
Bangladesh,1,